hand_prefix,hand_id,type1,type2,type3,currency,table_id,max_table,button_id,my_card_11,my_card_12,my_card_21,my_card_22,my_seat_num,small_blind_id,small_blind_sum,big_blind_id,big_blind_sum,Seat_1_id,Seat_2_id,Seat_3_id,Seat_4_id,Seat_5_id,Seat_6_id
Dollaro,#000911458930:,Hold'em No Limit,0.02,0.05,EUR,5586,6-max,#3,6,s,T,h,1,rosy71,0.02,areacac,0.05,areacac,SMGVLR_peperonexxx,Megan01,rosy71,,
Dollaro,#000911458930:,Hold'em No Limit,0.02,0.05,EUR,5586,6-max,#3,6,s,T,h,1,rosy71,0.02,areacac,0.05,areacac,SMGVLR_peperonexxx,Megan01,rosy71,,
Dollaro,#000911458930:,Hold'em No Limit,0.02,0.05,EUR,5586,6-max,#3,6,s,T,h,1,rosy71,0.02,areacac,0.05,areacac,SMGVLR_peperonexxx,Megan01,rosy71,,
Dollaro,#000911458930:,Hold'em No Limit,0.02,0.05,EUR,5586,6-max,#3,6,s,T,h,1,rosy71,0.02,areacac,0.05,areacac,SMGVLR_peperonexxx,Megan01,rosy71,,
Dollaro,#000911458930:,Hold'em No Limit,0.02,0.05,EUR,5586,6-max,#3,6,s,T,h,1,rosy71,0.02,areacac,0.05,areacac,SMGVLR_peperonexxx,Megan01,rosy71,,
Dollaro,#000911458930:,Hold'em No Limit,0.02,0.05,EUR,5586,6-max,#3,6,s,T,h,1,rosy71,0.02,areacac,0.05,areacac,SMGVLR_peperonexxx,Megan01,rosy71,,
Dollaro,#000911458930:,Hold'em No Limit,0.02,0.05,EUR,5586,6-max,#3,6,s,T,h,1,rosy71,0.02,areacac,0.05,areacac,SMGVLR_peperonexxx,Megan01,rosy71,,
Dollaro,#000911458930:,Hold'em No Limit,0.02,0.05,EUR,5586,6-max,#3,6,s,T,h,1,rosy71,0.02,areacac,0.05,areacac,SMGVLR_peperonexxx,Megan01,rosy71,,
Dollaro,#000911458971:,Hold'em No Limit,0.02,0.05,EUR,5586,6-max,#4,T,h,Q,c,1,areacac,0.02,SMGVLR_peperonexxx,0.05,areacac,SMGVLR_peperonexxx,Megan01,rosy71,,
Dollaro,#000911458971:,Hold'em No Limit,0.02,0.05,EUR,5586,6-max,#4,T,h,Q,c,1,areacac,0.02,SMGVLR_peperonexxx,0.05,areacac,SMGVLR_peperonexxx,Megan01,rosy71,,
Dollaro,#000911458971:,Hold'em No Limit,0.02,0.05,EUR,5586,6-max,#4,T,h,Q,c,1,areacac,0.02,SMGVLR_peperonexxx,0.05,areacac,SMGVLR_peperonexxx,Megan01,rosy71,,
Dollaro,#000911458971:,Hold'em No Limit,0.02,0.05,EUR,5586,6-max,#4,T,h,Q,c,1,areacac,0.02,SMGVLR_peperonexxx,0.05,areacac,SMGVLR_peperonexxx,Megan01,rosy71,,
Dollaro,#000911458971:,Hold'em No Limit,0.02,0.05,EUR,5586,6-max,#4,T,h,Q,c,1,areacac,0.02,SMGVLR_peperonexxx,0.05,areacac,SMGVLR_peperonexxx,Megan01,rosy71,,
Dollaro,#000911458988:,Hold'em No Limit,0.02,0.05,EUR,5586,6-max,#1,6,h,9,d,1,SMGVLR_peperonexxx,0.02,Megan01,0.05,areacac,SMGVLR_peperonexxx,Megan01,rosy71,,
Dollaro,#000911458988:,Hold'em No Limit,0.02,0.05,EUR,5586,6-max,#1,6,h,9,d,1,SMGVLR_peperonexxx,0.02,Megan01,0.05,areacac,SMGVLR_peperonexxx,Megan01,rosy71,,
Dollaro,#000911458988:,Hold'em No Limit,0.02,0.05,EUR,5586,6-max,#1,6,h,9,d,1,SMGVLR_peperonexxx,0.02,Megan01,0.05,areacac,SMGVLR_peperonexxx,Megan01,rosy71,,
Dollaro,#000911459015:,Hold'em No Limit,0.02,0.05,EUR,5586,6-max,#2,8,h,5,d,1,Megan01,0.02,windbuc,0.05,areacac,SMGVLR_peperonexxx,Megan01,windbuc,rosy71,
Dollaro,#000911459015:,Hold'em No Limit,0.02,0.05,EUR,5586,6-max,#2,8,h,5,d,1,Megan01,0.02,windbuc,0.05,areacac,SMGVLR_peperonexxx,Megan01,windbuc,rosy71,
Dollaro,#000911459015:,Hold'em No Limit,0.02,0.05,EUR,5586,6-max,#2,8,h,5,d,1,Megan01,0.02,windbuc,0.05,areacac,SMGVLR_peperonexxx,Megan01,windbuc,rosy71,
Dollaro,#000911459015:,Hold'em No Limit,0.02,0.05,EUR,5586,6-max,#2,8,h,5,d,1,Megan01,0.02,windbuc,0.05,areacac,SMGVLR_peperonexxx,Megan01,windbuc,rosy71,
Dollaro,#000911459015:,Hold'em No Limit,0.02,0.05,EUR,5586,6-max,#2,8,h,5,d,1,Megan01,0.02,windbuc,0.05,areacac,SMGVLR_peperonexxx,Megan01,windbuc,rosy71,
Dollaro,#000911459015:,Hold'em No Limit,0.02,0.05,EUR,5586,6-max,#2,8,h,5,d,1,Megan01,0.02,windbuc,0.05,areacac,SMGVLR_peperonexxx,Megan01,windbuc,rosy71,
Dollaro,#000911459015:,Hold'em No Limit,0.02,0.05,EUR,5586,6-max,#2,8,h,5,d,1,Megan01,0.02,windbuc,0.05,areacac,SMGVLR_peperonexxx,Megan01,windbuc,rosy71,
Dollaro,#000911459015:,Hold'em No Limit,0.02,0.05,EUR,5586,6-max,#2,8,h,5,d,1,Megan01,0.02,windbuc,0.05,areacac,SMGVLR_peperonexxx,Megan01,windbuc,rosy71,
Dollaro,#000911459015:,Hold'em No Limit,0.02,0.05,EUR,5586,6-max,#2,8,h,5,d,1,Megan01,0.02,windbuc,0.05,areacac,SMGVLR_peperonexxx,Megan01,windbuc,rosy71,
Dollaro,#000911459015:,Hold'em No Limit,0.02,0.05,EUR,5586,6-max,#2,8,h,5,d,1,Megan01,0.02,windbuc,0.05,areacac,SMGVLR_peperonexxx,Megan01,windbuc,rosy71,
Dollaro,#000911459015:,Hold'em No Limit,0.02,0.05,EUR,5586,6-max,#2,8,h,5,d,1,Megan01,0.02,windbuc,0.05,areacac,SMGVLR_peperonexxx,Megan01,windbuc,rosy71,
Dollaro,#000911459015:,Hold'em No Limit,0.02,0.05,EUR,5586,6-max,#2,8,h,5,d,1,Megan01,0.02,windbuc,0.05,areacac,SMGVLR_peperonexxx,Megan01,windbuc,rosy71,
Dollaro,#000911459015:,Hold'em No Limit,0.02,0.05,EUR,5586,6-max,#2,8,h,5,d,1,Megan01,0.02,windbuc,0.05,areacac,SMGVLR_peperonexxx,Megan01,windbuc,rosy71,
Dollaro,#000911459015:,Hold'em No Limit,0.02,0.05,EUR,5586,6-max,#2,8,h,5,d,1,Megan01,0.02,windbuc,0.05,areacac,SMGVLR_peperonexxx,Megan01,windbuc,rosy71,
Dollaro,#000911459015:,Hold'em No Limit,0.02,0.05,EUR,5586,6-max,#2,8,h,5,d,1,Megan01,0.02,windbuc,0.05,areacac,SMGVLR_peperonexxx,Megan01,windbuc,rosy71,
Dollaro,#000911459062:,Hold'em No Limit,0.02,0.05,EUR,5586,6-max,#3,K,s,J,h,1,windbuc,0.02,rosy71,0.05,areacac,SMGVLR_peperonexxx,Megan01,windbuc,rosy71,
Dollaro,#000911459062:,Hold'em No Limit,0.02,0.05,EUR,5586,6-max,#3,K,s,J,h,1,windbuc,0.02,rosy71,0.05,areacac,SMGVLR_peperonexxx,Megan01,windbuc,rosy71,
Dollaro,#000911459062:,Hold'em No Limit,0.02,0.05,EUR,5586,6-max,#3,K,s,J,h,1,windbuc,0.02,rosy71,0.05,areacac,SMGVLR_peperonexxx,Megan01,windbuc,rosy71,
Dollaro,#000911459062:,Hold'em No Limit,0.02,0.05,EUR,5586,6-max,#3,K,s,J,h,1,windbuc,0.02,rosy71,0.05,areacac,SMGVLR_peperonexxx,Megan01,windbuc,rosy71,
Dollaro,#000911459062:,Hold'em No Limit,0.02,0.05,EUR,5586,6-max,#3,K,s,J,h,1,windbuc,0.02,rosy71,0.05,areacac,SMGVLR_peperonexxx,Megan01,windbuc,rosy71,
Dollaro,#000911459062:,Hold'em No Limit,0.02,0.05,EUR,5586,6-max,#3,K,s,J,h,1,windbuc,0.02,rosy71,0.05,areacac,SMGVLR_peperonexxx,Megan01,windbuc,rosy71,
Dollaro,#000911459062:,Hold'em No Limit,0.02,0.05,EUR,5586,6-max,#3,K,s,J,h,1,windbuc,0.02,rosy71,0.05,areacac,SMGVLR_peperonexxx,Megan01,windbuc,rosy71,
Dollaro,#000911459062:,Hold'em No Limit,0.02,0.05,EUR,5586,6-max,#3,K,s,J,h,1,windbuc,0.02,rosy71,0.05,areacac,SMGVLR_peperonexxx,Megan01,windbuc,rosy71,
Dollaro,#000911459062:,Hold'em No Limit,0.02,0.05,EUR,5586,6-max,#3,K,s,J,h,1,windbuc,0.02,rosy71,0.05,areacac,SMGVLR_peperonexxx,Megan01,windbuc,rosy71,
Dollaro,#000911459120:,Hold'em No Limit,0.02,0.05,EUR,5586,6-max,#4,8,d,2,d,1,rosy71,0.02,shortpez,0.05,areacac,SMGVLR_peperonexxx,Megan01,windbuc,rosy71,shortpez
Dollaro,#000911459120:,Hold'em No Limit,0.02,0.05,EUR,5586,6-max,#4,8,d,2,d,1,rosy71,0.02,shortpez,0.05,areacac,SMGVLR_peperonexxx,Megan01,windbuc,rosy71,shortpez
Dollaro,#000911459120:,Hold'em No Limit,0.02,0.05,EUR,5586,6-max,#4,8,d,2,d,1,rosy71,0.02,shortpez,0.05,areacac,SMGVLR_peperonexxx,Megan01,windbuc,rosy71,shortpez
Dollaro,#000911459120:,Hold'em No Limit,0.02,0.05,EUR,5586,6-max,#4,8,d,2,d,1,rosy71,0.02,shortpez,0.05,areacac,SMGVLR_peperonexxx,Megan01,windbuc,rosy71,shortpez
Dollaro,#000911459120:,Hold'em No Limit,0.02,0.05,EUR,5586,6-max,#4,8,d,2,d,1,rosy71,0.02,shortpez,0.05,areacac,SMGVLR_peperonexxx,Megan01,windbuc,rosy71,shortpez
Dollaro,#000911459120:,Hold'em No Limit,0.02,0.05,EUR,5586,6-max,#4,8,d,2,d,1,rosy71,0.02,shortpez,0.05,areacac,SMGVLR_peperonexxx,Megan01,windbuc,rosy71,shortpez
Dollaro,#000911459120:,Hold'em No Limit,0.02,0.05,EUR,5586,6-max,#4,8,d,2,d,1,rosy71,0.02,shortpez,0.05,areacac,SMGVLR_peperonexxx,Megan01,windbuc,rosy71,shortpez
Dollaro,#000911459120:,Hold'em No Limit,0.02,0.05,EUR,5586,6-max,#4,8,d,2,d,1,rosy71,0.02,shortpez,0.05,areacac,SMGVLR_peperonexxx,Megan01,windbuc,rosy71,shortpez
Dollaro,#000911459120:,Hold'em No Limit,0.02,0.05,EUR,5586,6-max,#4,8,d,2,d,1,rosy71,0.02,shortpez,0.05,areacac,SMGVLR_peperonexxx,Megan01,windbuc,rosy71,shortpez
Dollaro,#000911459120:,Hold'em No Limit,0.02,0.05,EUR,5586,6-max,#4,8,d,2,d,1,rosy71,0.02,shortpez,0.05,areacac,SMGVLR_peperonexxx,Megan01,windbuc,rosy71,shortpez
Dollaro,#000911459120:,Hold'em No Limit,0.02,0.05,EUR,5586,6-max,#4,8,d,2,d,1,rosy71,0.02,shortpez,0.05,areacac,SMGVLR_peperonexxx,Megan01,windbuc,rosy71,shortpez
Dollaro,#000911459120:,Hold'em No Limit,0.02,0.05,EUR,5586,6-max,#4,8,d,2,d,1,rosy71,0.02,shortpez,0.05,areacac,SMGVLR_peperonexxx,Megan01,windbuc,rosy71,shortpez
Dollaro,#000911459120:,Hold'em No Limit,0.02,0.05,EUR,5586,6-max,#4,8,d,2,d,1,rosy71,0.02,shortpez,0.05,areacac,SMGVLR_peperonexxx,Megan01,windbuc,rosy71,shortpez
Dollaro,#000911459120:,Hold'em No Limit,0.02,0.05,EUR,5586,6-max,#4,8,d,2,d,1,rosy71,0.02,shortpez,0.05,areacac,SMGVLR_peperonexxx,Megan01,windbuc,rosy71,shortpez
Dollaro,#000911459183:,Hold'em No Limit,0.02,0.05,EUR,5586,6-max,#5,8,d,4,d,1,shortpez,0.02,areacac,0.05,areacac,SMGVLR_peperonexxx,Megan01,windbuc,rosy71,shortpez
Dollaro,#000911459183:,Hold'em No Limit,0.02,0.05,EUR,5586,6-max,#5,8,d,4,d,1,shortpez,0.02,areacac,0.05,areacac,SMGVLR_peperonexxx,Megan01,windbuc,rosy71,shortpez
Dollaro,#000911459183:,Hold'em No Limit,0.02,0.05,EUR,5586,6-max,#5,8,d,4,d,1,shortpez,0.02,areacac,0.05,areacac,SMGVLR_peperonexxx,Megan01,windbuc,rosy71,shortpez
Dollaro,#000911459183:,Hold'em No Limit,0.02,0.05,EUR,5586,6-max,#5,8,d,4,d,1,shortpez,0.02,areacac,0.05,areacac,SMGVLR_peperonexxx,Megan01,windbuc,rosy71,shortpez
Dollaro,#000911459183:,Hold'em No Limit,0.02,0.05,EUR,5586,6-max,#5,8,d,4,d,1,shortpez,0.02,areacac,0.05,areacac,SMGVLR_peperonexxx,Megan01,windbuc,rosy71,shortpez
Dollaro,#000911459183:,Hold'em No Limit,0.02,0.05,EUR,5586,6-max,#5,8,d,4,d,1,shortpez,0.02,areacac,0.05,areacac,SMGVLR_peperonexxx,Megan01,windbuc,rosy71,shortpez
Dollaro,#000911459183:,Hold'em No Limit,0.02,0.05,EUR,5586,6-max,#5,8,d,4,d,1,shortpez,0.02,areacac,0.05,areacac,SMGVLR_peperonexxx,Megan01,windbuc,rosy71,shortpez
Dollaro,#000911459183:,Hold'em No Limit,0.02,0.05,EUR,5586,6-max,#5,8,d,4,d,1,shortpez,0.02,areacac,0.05,areacac,SMGVLR_peperonexxx,Megan01,windbuc,rosy71,shortpez
Dollaro,#000911459183:,Hold'em No Limit,0.02,0.05,EUR,5586,6-max,#5,8,d,4,d,1,shortpez,0.02,areacac,0.05,areacac,SMGVLR_peperonexxx,Megan01,windbuc,rosy71,shortpez
Dollaro,#000911459183:,Hold'em No Limit,0.02,0.05,EUR,5586,6-max,#5,8,d,4,d,1,shortpez,0.02,areacac,0.05,areacac,SMGVLR_peperonexxx,Megan01,windbuc,rosy71,shortpez
Dollaro,#000911459183:,Hold'em No Limit,0.02,0.05,EUR,5586,6-max,#5,8,d,4,d,1,shortpez,0.02,areacac,0.05,areacac,SMGVLR_peperonexxx,Megan01,windbuc,rosy71,shortpez
Dollaro,#000911459183:,Hold'em No Limit,0.02,0.05,EUR,5586,6-max,#5,8,d,4,d,1,shortpez,0.02,areacac,0.05,areacac,SMGVLR_peperonexxx,Megan01,windbuc,rosy71,shortpez
Dollaro,#000911459183:,Hold'em No Limit,0.02,0.05,EUR,5586,6-max,#5,8,d,4,d,1,shortpez,0.02,areacac,0.05,areacac,SMGVLR_peperonexxx,Megan01,windbuc,rosy71,shortpez
Dollaro,#000911459183:,Hold'em No Limit,0.02,0.05,EUR,5586,6-max,#5,8,d,4,d,1,shortpez,0.02,areacac,0.05,areacac,SMGVLR_peperonexxx,Megan01,windbuc,rosy71,shortpez
Dollaro,#000911459183:,Hold'em No Limit,0.02,0.05,EUR,5586,6-max,#5,8,d,4,d,1,shortpez,0.02,areacac,0.05,areacac,SMGVLR_peperonexxx,Megan01,windbuc,rosy71,shortpez
Dollaro,#000911459183:,Hold'em No Limit,0.02,0.05,EUR,5586,6-max,#5,8,d,4,d,1,shortpez,0.02,areacac,0.05,areacac,SMGVLR_peperonexxx,Megan01,windbuc,rosy71,shortpez
Dollaro,#000911459261:,Hold'em No Limit,0.02,0.05,EUR,5586,6-max,#6,A,s,4,d,1,areacac,0.02,SMGVLR_peperonexxx,0.05,areacac,SMGVLR_peperonexxx,Megan01,windbuc,rosy71,shortpez
Dollaro,#000911459261:,Hold'em No Limit,0.02,0.05,EUR,5586,6-max,#6,A,s,4,d,1,areacac,0.02,SMGVLR_peperonexxx,0.05,areacac,SMGVLR_peperonexxx,Megan01,windbuc,rosy71,shortpez
Dollaro,#000911459261:,Hold'em No Limit,0.02,0.05,EUR,5586,6-max,#6,A,s,4,d,1,areacac,0.02,SMGVLR_peperonexxx,0.05,areacac,SMGVLR_peperonexxx,Megan01,windbuc,rosy71,shortpez
Dollaro,#000911459261:,Hold'em No Limit,0.02,0.05,EUR,5586,6-max,#6,A,s,4,d,1,areacac,0.02,SMGVLR_peperonexxx,0.05,areacac,SMGVLR_peperonexxx,Megan01,windbuc,rosy71,shortpez
Dollaro,#000911459261:,Hold'em No Limit,0.02,0.05,EUR,5586,6-max,#6,A,s,4,d,1,areacac,0.02,SMGVLR_peperonexxx,0.05,areacac,SMGVLR_peperonexxx,Megan01,windbuc,rosy71,shortpez
Dollaro,#000911459261:,Hold'em No Limit,0.02,0.05,EUR,5586,6-max,#6,A,s,4,d,1,areacac,0.02,SMGVLR_peperonexxx,0.05,areacac,SMGVLR_peperonexxx,Megan01,windbuc,rosy71,shortpez
Dollaro,#000911459261:,Hold'em No Limit,0.02,0.05,EUR,5586,6-max,#6,A,s,4,d,1,areacac,0.02,SMGVLR_peperonexxx,0.05,areacac,SMGVLR_peperonexxx,Megan01,windbuc,rosy71,shortpez
Dollaro,#000911459261:,Hold'em No Limit,0.02,0.05,EUR,5586,6-max,#6,A,s,4,d,1,areacac,0.02,SMGVLR_peperonexxx,0.05,areacac,SMGVLR_peperonexxx,Megan01,windbuc,rosy71,shortpez
Dollaro,#000911459261:,Hold'em No Limit,0.02,0.05,EUR,5586,6-max,#6,A,s,4,d,1,areacac,0.02,SMGVLR_peperonexxx,0.05,areacac,SMGVLR_peperonexxx,Megan01,windbuc,rosy71,shortpez
Dollaro,#000911459261:,Hold'em No Limit,0.02,0.05,EUR,5586,6-max,#6,A,s,4,d,1,areacac,0.02,SMGVLR_peperonexxx,0.05,areacac,SMGVLR_peperonexxx,Megan01,windbuc,rosy71,shortpez
Dollaro,#000911459261:,Hold'em No Limit,0.02,0.05,EUR,5586,6-max,#6,A,s,4,d,1,areacac,0.02,SMGVLR_peperonexxx,0.05,areacac,SMGVLR_peperonexxx,Megan01,windbuc,rosy71,shortpez
Dollaro,#000911459261:,Hold'em No Limit,0.02,0.05,EUR,5586,6-max,#6,A,s,4,d,1,areacac,0.02,SMGVLR_peperonexxx,0.05,areacac,SMGVLR_peperonexxx,Megan01,windbuc,rosy71,shortpez
Dollaro,#000911459261:,Hold'em No Limit,0.02,0.05,EUR,5586,6-max,#6,A,s,4,d,1,areacac,0.02,SMGVLR_peperonexxx,0.05,areacac,SMGVLR_peperonexxx,Megan01,windbuc,rosy71,shortpez
Dollaro,#000911459261:,Hold'em No Limit,0.02,0.05,EUR,5586,6-max,#6,A,s,4,d,1,areacac,0.02,SMGVLR_peperonexxx,0.05,areacac,SMGVLR_peperonexxx,Megan01,windbuc,rosy71,shortpez
Dollaro,#000911459261:,Hold'em No Limit,0.02,0.05,EUR,5586,6-max,#6,A,s,4,d,1,areacac,0.02,SMGVLR_peperonexxx,0.05,areacac,SMGVLR_peperonexxx,Megan01,windbuc,rosy71,shortpez
Dollaro,#000911459337:,Hold'em No Limit,0.02,0.05,EUR,5586,6-max,#1,7,s,2,h,1,SMGVLR_peperonexxx,0.02,Megan01,0.05,areacac,SMGVLR_peperonexxx,Megan01,windbuc,rosy71,shortpez
Dollaro,#000911459337:,Hold'em No Limit,0.02,0.05,EUR,5586,6-max,#1,7,s,2,h,1,SMGVLR_peperonexxx,0.02,Megan01,0.05,areacac,SMGVLR_peperonexxx,Megan01,windbuc,rosy71,shortpez
Dollaro,#000911459337:,Hold'em No Limit,0.02,0.05,EUR,5586,6-max,#1,7,s,2,h,1,SMGVLR_peperonexxx,0.02,Megan01,0.05,areacac,SMGVLR_peperonexxx,Megan01,windbuc,rosy71,shortpez
Dollaro,#000911459337:,Hold'em No Limit,0.02,0.05,EUR,5586,6-max,#1,7,s,2,h,1,SMGVLR_peperonexxx,0.02,Megan01,0.05,areacac,SMGVLR_peperonexxx,Megan01,windbuc,rosy71,shortpez
Dollaro,#000911459337:,Hold'em No Limit,0.02,0.05,EUR,5586,6-max,#1,7,s,2,h,1,SMGVLR_peperonexxx,0.02,Megan01,0.05,areacac,SMGVLR_peperonexxx,Megan01,windbuc,rosy71,shortpez
Dollaro,#000911459337:,Hold'em No Limit,0.02,0.05,EUR,5586,6-max,#1,7,s,2,h,1,SMGVLR_peperonexxx,0.02,Megan01,0.05,areacac,SMGVLR_peperonexxx,Megan01,windbuc,rosy71,shortpez
Dollaro,#000911459337:,Hold'em No Limit,0.02,0.05,EUR,5586,6-max,#1,7,s,2,h,1,SMGVLR_peperonexxx,0.02,Megan01,0.05,areacac,SMGVLR_peperonexxx,Megan01,windbuc,rosy71,shortpez
Dollaro,#000911459337:,Hold'em No Limit,0.02,0.05,EUR,5586,6-max,#1,7,s,2,h,1,SMGVLR_peperonexxx,0.02,Megan01,0.05,areacac,SMGVLR_peperonexxx,Megan01,windbuc,rosy71,shortpez
Dollaro,#000911459337:,Hold'em No Limit,0.02,0.05,EUR,5586,6-max,#1,7,s,2,h,1,SMGVLR_peperonexxx,0.02,Megan01,0.05,areacac,SMGVLR_peperonexxx,Megan01,windbuc,rosy71,shortpez
Dollaro,#000911459337:,Hold'em No Limit,0.02,0.05,EUR,5586,6-max,#1,7,s,2,h,1,SMGVLR_peperonexxx,0.02,Megan01,0.05,areacac,SMGVLR_peperonexxx,Megan01,windbuc,rosy71,shortpez
Dollaro,#000911459337:,Hold'em No Limit,0.02,0.05,EUR,5586,6-max,#1,7,s,2,h,1,SMGVLR_peperonexxx,0.02,Megan01,0.05,areacac,SMGVLR_peperonexxx,Megan01,windbuc,rosy71,shortpez
Dollaro,#000911459337:,Hold'em No Limit,0.02,0.05,EUR,5586,6-max,#1,7,s,2,h,1,SMGVLR_peperonexxx,0.02,Megan01,0.05,areacac,SMGVLR_peperonexxx,Megan01,windbuc,rosy71,shortpez
Dollaro,#000911459413:,Hold'em No Limit,0.02,0.05,EUR,5586,6-max,#2,A,h,6,c,1,Megan01,0.02,windbuc,0.05,areacac,SMGVLR_peperonexxx,Megan01,windbuc,rosy71,shortpez
Dollaro,#000911459413:,Hold'em No Limit,0.02,0.05,EUR,5586,6-max,#2,A,h,6,c,1,Megan01,0.02,windbuc,0.05,areacac,SMGVLR_peperonexxx,Megan01,windbuc,rosy71,shortpez
Dollaro,#000911459413:,Hold'em No Limit,0.02,0.05,EUR,5586,6-max,#2,A,h,6,c,1,Megan01,0.02,windbuc,0.05,areacac,SMGVLR_peperonexxx,Megan01,windbuc,rosy71,shortpez
Dollaro,#000911459413:,Hold'em No Limit,0.02,0.05,EUR,5586,6-max,#2,A,h,6,c,1,Megan01,0.02,windbuc,0.05,areacac,SMGVLR_peperonexxx,Megan01,windbuc,rosy71,shortpez
Dollaro,#000911459413:,Hold'em No Limit,0.02,0.05,EUR,5586,6-max,#2,A,h,6,c,1,Megan01,0.02,windbuc,0.05,areacac,SMGVLR_peperonexxx,Megan01,windbuc,rosy71,shortpez
Dollaro,#000911459413:,Hold'em No Limit,0.02,0.05,EUR,5586,6-max,#2,A,h,6,c,1,Megan01,0.02,windbuc,0.05,areacac,SMGVLR_peperonexxx,Megan01,windbuc,rosy71,shortpez
Dollaro,#000911459413:,Hold'em No Limit,0.02,0.05,EUR,5586,6-max,#2,A,h,6,c,1,Megan01,0.02,windbuc,0.05,areacac,SMGVLR_peperonexxx,Megan01,windbuc,rosy71,shortpez
Dollaro,#000911459413:,Hold'em No Limit,0.02,0.05,EUR,5586,6-max,#2,A,h,6,c,1,Megan01,0.02,windbuc,0.05,areacac,SMGVLR_peperonexxx,Megan01,windbuc,rosy71,shortpez
Dollaro,#000911459413:,Hold'em No Limit,0.02,0.05,EUR,5586,6-max,#2,A,h,6,c,1,Megan01,0.02,windbuc,0.05,areacac,SMGVLR_peperonexxx,Megan01,windbuc,rosy71,shortpez
Dollaro,#000911459413:,Hold'em No Limit,0.02,0.05,EUR,5586,6-max,#2,A,h,6,c,1,Megan01,0.02,windbuc,0.05,areacac,SMGVLR_peperonexxx,Megan01,windbuc,rosy71,shortpez
Dollaro,#000911459459:,Hold'em No Limit,0.02,0.05,EUR,5586,6-max,#3,4,s,2,h,1,windbuc,0.02,rosy71,0.05,areacac,SMGVLR_peperonexxx,Megan01,windbuc,rosy71,shortpez
Dollaro,#000911459459:,Hold'em No Limit,0.02,0.05,EUR,5586,6-max,#3,4,s,2,h,1,windbuc,0.02,rosy71,0.05,areacac,SMGVLR_peperonexxx,Megan01,windbuc,rosy71,shortpez
Dollaro,#000911459459:,Hold'em No Limit,0.02,0.05,EUR,5586,6-max,#3,4,s,2,h,1,windbuc,0.02,rosy71,0.05,areacac,SMGVLR_peperonexxx,Megan01,windbuc,rosy71,shortpez
Dollaro,#000911459459:,Hold'em No Limit,0.02,0.05,EUR,5586,6-max,#3,4,s,2,h,1,windbuc,0.02,rosy71,0.05,areacac,SMGVLR_peperonexxx,Megan01,windbuc,rosy71,shortpez
Dollaro,#000911459459:,Hold'em No Limit,0.02,0.05,EUR,5586,6-max,#3,4,s,2,h,1,windbuc,0.02,rosy71,0.05,areacac,SMGVLR_peperonexxx,Megan01,windbuc,rosy71,shortpez
Dollaro,#000911459459:,Hold'em No Limit,0.02,0.05,EUR,5586,6-max,#3,4,s,2,h,1,windbuc,0.02,rosy71,0.05,areacac,SMGVLR_peperonexxx,Megan01,windbuc,rosy71,shortpez
Dollaro,#000911459459:,Hold'em No Limit,0.02,0.05,EUR,5586,6-max,#3,4,s,2,h,1,windbuc,0.02,rosy71,0.05,areacac,SMGVLR_peperonexxx,Megan01,windbuc,rosy71,shortpez
Dollaro,#000911459459:,Hold'em No Limit,0.02,0.05,EUR,5586,6-max,#3,4,s,2,h,1,windbuc,0.02,rosy71,0.05,areacac,SMGVLR_peperonexxx,Megan01,windbuc,rosy71,shortpez
Dollaro,#000911459459:,Hold'em No Limit,0.02,0.05,EUR,5586,6-max,#3,4,s,2,h,1,windbuc,0.02,rosy71,0.05,areacac,SMGVLR_peperonexxx,Megan01,windbuc,rosy71,shortpez
Dollaro,#000911459459:,Hold'em No Limit,0.02,0.05,EUR,5586,6-max,#3,4,s,2,h,1,windbuc,0.02,rosy71,0.05,areacac,SMGVLR_peperonexxx,Megan01,windbuc,rosy71,shortpez
Dollaro,#000911459459:,Hold'em No Limit,0.02,0.05,EUR,5586,6-max,#3,4,s,2,h,1,windbuc,0.02,rosy71,0.05,areacac,SMGVLR_peperonexxx,Megan01,windbuc,rosy71,shortpez
Dollaro,#000911459459:,Hold'em No Limit,0.02,0.05,EUR,5586,6-max,#3,4,s,2,h,1,windbuc,0.02,rosy71,0.05,areacac,SMGVLR_peperonexxx,Megan01,windbuc,rosy71,shortpez
Dollaro,#000911459459:,Hold'em No Limit,0.02,0.05,EUR,5586,6-max,#3,4,s,2,h,1,windbuc,0.02,rosy71,0.05,areacac,SMGVLR_peperonexxx,Megan01,windbuc,rosy71,shortpez
Dollaro,#000911459459:,Hold'em No Limit,0.02,0.05,EUR,5586,6-max,#3,4,s,2,h,1,windbuc,0.02,rosy71,0.05,areacac,SMGVLR_peperonexxx,Megan01,windbuc,rosy71,shortpez
Dollaro,#000911459459:,Hold'em No Limit,0.02,0.05,EUR,5586,6-max,#3,4,s,2,h,1,windbuc,0.02,rosy71,0.05,areacac,SMGVLR_peperonexxx,Megan01,windbuc,rosy71,shortpez
Dollaro,#000911459459:,Hold'em No Limit,0.02,0.05,EUR,5586,6-max,#3,4,s,2,h,1,windbuc,0.02,rosy71,0.05,areacac,SMGVLR_peperonexxx,Megan01,windbuc,rosy71,shortpez
Dollaro,#000911459515:,Hold'em No Limit,0.02,0.05,EUR,5586,6-max,#4,Q,d,9,d,1,rosy71,0.02,shortpez,0.05,areacac,SMGVLR_peperonexxx,Megan01,windbuc,rosy71,shortpez
Dollaro,#000911459515:,Hold'em No Limit,0.02,0.05,EUR,5586,6-max,#4,Q,d,9,d,1,rosy71,0.02,shortpez,0.05,areacac,SMGVLR_peperonexxx,Megan01,windbuc,rosy71,shortpez
Dollaro,#000911459515:,Hold'em No Limit,0.02,0.05,EUR,5586,6-max,#4,Q,d,9,d,1,rosy71,0.02,shortpez,0.05,areacac,SMGVLR_peperonexxx,Megan01,windbuc,rosy71,shortpez
Dollaro,#000911459515:,Hold'em No Limit,0.02,0.05,EUR,5586,6-max,#4,Q,d,9,d,1,rosy71,0.02,shortpez,0.05,areacac,SMGVLR_peperonexxx,Megan01,windbuc,rosy71,shortpez
Dollaro,#000911459515:,Hold'em No Limit,0.02,0.05,EUR,5586,6-max,#4,Q,d,9,d,1,rosy71,0.02,shortpez,0.05,areacac,SMGVLR_peperonexxx,Megan01,windbuc,rosy71,shortpez
Dollaro,#000911459515:,Hold'em No Limit,0.02,0.05,EUR,5586,6-max,#4,Q,d,9,d,1,rosy71,0.02,shortpez,0.05,areacac,SMGVLR_peperonexxx,Megan01,windbuc,rosy71,shortpez
Dollaro,#000911459515:,Hold'em No Limit,0.02,0.05,EUR,5586,6-max,#4,Q,d,9,d,1,rosy71,0.02,shortpez,0.05,areacac,SMGVLR_peperonexxx,Megan01,windbuc,rosy71,shortpez
Dollaro,#000911459515:,Hold'em No Limit,0.02,0.05,EUR,5586,6-max,#4,Q,d,9,d,1,rosy71,0.02,shortpez,0.05,areacac,SMGVLR_peperonexxx,Megan01,windbuc,rosy71,shortpez
Dollaro,#000911459560:,Hold'em No Limit,0.02,0.05,EUR,5586,6-max,#5,7,h,7,c,1,shortpez,0.02,areacac,0.05,areacac,SMGVLR_peperonexxx,Megan01,windbuc,rosy71,shortpez
Dollaro,#000911459560:,Hold'em No Limit,0.02,0.05,EUR,5586,6-max,#5,7,h,7,c,1,shortpez,0.02,areacac,0.05,areacac,SMGVLR_peperonexxx,Megan01,windbuc,rosy71,shortpez
Dollaro,#000911459560:,Hold'em No Limit,0.02,0.05,EUR,5586,6-max,#5,7,h,7,c,1,shortpez,0.02,areacac,0.05,areacac,SMGVLR_peperonexxx,Megan01,windbuc,rosy71,shortpez
Dollaro,#000911459560:,Hold'em No Limit,0.02,0.05,EUR,5586,6-max,#5,7,h,7,c,1,shortpez,0.02,areacac,0.05,areacac,SMGVLR_peperonexxx,Megan01,windbuc,rosy71,shortpez
Dollaro,#000911459560:,Hold'em No Limit,0.02,0.05,EUR,5586,6-max,#5,7,h,7,c,1,shortpez,0.02,areacac,0.05,areacac,SMGVLR_peperonexxx,Megan01,windbuc,rosy71,shortpez
Dollaro,#000911459560:,Hold'em No Limit,0.02,0.05,EUR,5586,6-max,#5,7,h,7,c,1,shortpez,0.02,areacac,0.05,areacac,SMGVLR_peperonexxx,Megan01,windbuc,rosy71,shortpez
Dollaro,#000911459560:,Hold'em No Limit,0.02,0.05,EUR,5586,6-max,#5,7,h,7,c,1,shortpez,0.02,areacac,0.05,areacac,SMGVLR_peperonexxx,Megan01,windbuc,rosy71,shortpez
Dollaro,#000911459560:,Hold'em No Limit,0.02,0.05,EUR,5586,6-max,#5,7,h,7,c,1,shortpez,0.02,areacac,0.05,areacac,SMGVLR_peperonexxx,Megan01,windbuc,rosy71,shortpez
Dollaro,#000911459560:,Hold'em No Limit,0.02,0.05,EUR,5586,6-max,#5,7,h,7,c,1,shortpez,0.02,areacac,0.05,areacac,SMGVLR_peperonexxx,Megan01,windbuc,rosy71,shortpez
Dollaro,#000911459560:,Hold'em No Limit,0.02,0.05,EUR,5586,6-max,#5,7,h,7,c,1,shortpez,0.02,areacac,0.05,areacac,SMGVLR_peperonexxx,Megan01,windbuc,rosy71,shortpez
Dollaro,#000911459560:,Hold'em No Limit,0.02,0.05,EUR,5586,6-max,#5,7,h,7,c,1,shortpez,0.02,areacac,0.05,areacac,SMGVLR_peperonexxx,Megan01,windbuc,rosy71,shortpez
Dollaro,#000911459560:,Hold'em No Limit,0.02,0.05,EUR,5586,6-max,#5,7,h,7,c,1,shortpez,0.02,areacac,0.05,areacac,SMGVLR_peperonexxx,Megan01,windbuc,rosy71,shortpez
Dollaro,#000911459620:,Hold'em No Limit,0.02,0.05,EUR,5586,6-max,#6,3,s,9,c,1,areacac,0.02,SMGVLR_peperonexxx,0.05,areacac,SMGVLR_peperonexxx,Megan01,windbuc,rosy71,shortpez
Dollaro,#000911459620:,Hold'em No Limit,0.02,0.05,EUR,5586,6-max,#6,3,s,9,c,1,areacac,0.02,SMGVLR_peperonexxx,0.05,areacac,SMGVLR_peperonexxx,Megan01,windbuc,rosy71,shortpez
Dollaro,#000911459620:,Hold'em No Limit,0.02,0.05,EUR,5586,6-max,#6,3,s,9,c,1,areacac,0.02,SMGVLR_peperonexxx,0.05,areacac,SMGVLR_peperonexxx,Megan01,windbuc,rosy71,shortpez
Dollaro,#000911459620:,Hold'em No Limit,0.02,0.05,EUR,5586,6-max,#6,3,s,9,c,1,areacac,0.02,SMGVLR_peperonexxx,0.05,areacac,SMGVLR_peperonexxx,Megan01,windbuc,rosy71,shortpez
Dollaro,#000911459620:,Hold'em No Limit,0.02,0.05,EUR,5586,6-max,#6,3,s,9,c,1,areacac,0.02,SMGVLR_peperonexxx,0.05,areacac,SMGVLR_peperonexxx,Megan01,windbuc,rosy71,shortpez
Dollaro,#000911459620:,Hold'em No Limit,0.02,0.05,EUR,5586,6-max,#6,3,s,9,c,1,areacac,0.02,SMGVLR_peperonexxx,0.05,areacac,SMGVLR_peperonexxx,Megan01,windbuc,rosy71,shortpez
Dollaro,#000911459620:,Hold'em No Limit,0.02,0.05,EUR,5586,6-max,#6,3,s,9,c,1,areacac,0.02,SMGVLR_peperonexxx,0.05,areacac,SMGVLR_peperonexxx,Megan01,windbuc,rosy71,shortpez
Dollaro,#000911459620:,Hold'em No Limit,0.02,0.05,EUR,5586,6-max,#6,3,s,9,c,1,areacac,0.02,SMGVLR_peperonexxx,0.05,areacac,SMGVLR_peperonexxx,Megan01,windbuc,rosy71,shortpez
Dollaro,#000911459620:,Hold'em No Limit,0.02,0.05,EUR,5586,6-max,#6,3,s,9,c,1,areacac,0.02,SMGVLR_peperonexxx,0.05,areacac,SMGVLR_peperonexxx,Megan01,windbuc,rosy71,shortpez
Dollaro,#000911459620:,Hold'em No Limit,0.02,0.05,EUR,5586,6-max,#6,3,s,9,c,1,areacac,0.02,SMGVLR_peperonexxx,0.05,areacac,SMGVLR_peperonexxx,Megan01,windbuc,rosy71,shortpez
Dollaro,#000911459620:,Hold'em No Limit,0.02,0.05,EUR,5586,6-max,#6,3,s,9,c,1,areacac,0.02,SMGVLR_peperonexxx,0.05,areacac,SMGVLR_peperonexxx,Megan01,windbuc,rosy71,shortpez
Dollaro,#000911459620:,Hold'em No Limit,0.02,0.05,EUR,5586,6-max,#6,3,s,9,c,1,areacac,0.02,SMGVLR_peperonexxx,0.05,areacac,SMGVLR_peperonexxx,Megan01,windbuc,rosy71,shortpez
Dollaro,#000911459620:,Hold'em No Limit,0.02,0.05,EUR,5586,6-max,#6,3,s,9,c,1,areacac,0.02,SMGVLR_peperonexxx,0.05,areacac,SMGVLR_peperonexxx,Megan01,windbuc,rosy71,shortpez
Dollaro,#000911459620:,Hold'em No Limit,0.02,0.05,EUR,5586,6-max,#6,3,s,9,c,1,areacac,0.02,SMGVLR_peperonexxx,0.05,areacac,SMGVLR_peperonexxx,Megan01,windbuc,rosy71,shortpez
Dollaro,#000911459678:,Hold'em No Limit,0.02,0.05,EUR,5586,6-max,#1,9,s,4,h,1,SMGVLR_peperonexxx,0.02,Megan01,0.05,areacac,SMGVLR_peperonexxx,Megan01,windbuc,rosy71,shortpez
Dollaro,#000911459678:,Hold'em No Limit,0.02,0.05,EUR,5586,6-max,#1,9,s,4,h,1,SMGVLR_peperonexxx,0.02,Megan01,0.05,areacac,SMGVLR_peperonexxx,Megan01,windbuc,rosy71,shortpez
Dollaro,#000911459678:,Hold'em No Limit,0.02,0.05,EUR,5586,6-max,#1,9,s,4,h,1,SMGVLR_peperonexxx,0.02,Megan01,0.05,areacac,SMGVLR_peperonexxx,Megan01,windbuc,rosy71,shortpez
Dollaro,#000911459678:,Hold'em No Limit,0.02,0.05,EUR,5586,6-max,#1,9,s,4,h,1,SMGVLR_peperonexxx,0.02,Megan01,0.05,areacac,SMGVLR_peperonexxx,Megan01,windbuc,rosy71,shortpez
Dollaro,#000911459678:,Hold'em No Limit,0.02,0.05,EUR,5586,6-max,#1,9,s,4,h,1,SMGVLR_peperonexxx,0.02,Megan01,0.05,areacac,SMGVLR_peperonexxx,Megan01,windbuc,rosy71,shortpez
Dollaro,#000911459678:,Hold'em No Limit,0.02,0.05,EUR,5586,6-max,#1,9,s,4,h,1,SMGVLR_peperonexxx,0.02,Megan01,0.05,areacac,SMGVLR_peperonexxx,Megan01,windbuc,rosy71,shortpez
Dollaro,#000911459678:,Hold'em No Limit,0.02,0.05,EUR,5586,6-max,#1,9,s,4,h,1,SMGVLR_peperonexxx,0.02,Megan01,0.05,areacac,SMGVLR_peperonexxx,Megan01,windbuc,rosy71,shortpez
Dollaro,#000911459678:,Hold'em No Limit,0.02,0.05,EUR,5586,6-max,#1,9,s,4,h,1,SMGVLR_peperonexxx,0.02,Megan01,0.05,areacac,SMGVLR_peperonexxx,Megan01,windbuc,rosy71,shortpez
Dollaro,#000911459678:,Hold'em No Limit,0.02,0.05,EUR,5586,6-max,#1,9,s,4,h,1,SMGVLR_peperonexxx,0.02,Megan01,0.05,areacac,SMGVLR_peperonexxx,Megan01,windbuc,rosy71,shortpez
Dollaro,#000911459678:,Hold'em No Limit,0.02,0.05,EUR,5586,6-max,#1,9,s,4,h,1,SMGVLR_peperonexxx,0.02,Megan01,0.05,areacac,SMGVLR_peperonexxx,Megan01,windbuc,rosy71,shortpez
Dollaro,#000911459678:,Hold'em No Limit,0.02,0.05,EUR,5586,6-max,#1,9,s,4,h,1,SMGVLR_peperonexxx,0.02,Megan01,0.05,areacac,SMGVLR_peperonexxx,Megan01,windbuc,rosy71,shortpez
Dollaro,#000911459678:,Hold'em No Limit,0.02,0.05,EUR,5586,6-max,#1,9,s,4,h,1,SMGVLR_peperonexxx,0.02,Megan01,0.05,areacac,SMGVLR_peperonexxx,Megan01,windbuc,rosy71,shortpez
Dollaro,#000911459735:,Hold'em No Limit,0.02,0.05,EUR,5586,6-max,#2,7,h,2,h,1,Megan01,0.02,windbuc,0.05,areacac,SMGVLR_peperonexxx,Megan01,windbuc,rosy71,shortpez
Dollaro,#000911459735:,Hold'em No Limit,0.02,0.05,EUR,5586,6-max,#2,7,h,2,h,1,Megan01,0.02,windbuc,0.05,areacac,SMGVLR_peperonexxx,Megan01,windbuc,rosy71,shortpez
Dollaro,#000911459735:,Hold'em No Limit,0.02,0.05,EUR,5586,6-max,#2,7,h,2,h,1,Megan01,0.02,windbuc,0.05,areacac,SMGVLR_peperonexxx,Megan01,windbuc,rosy71,shortpez
Dollaro,#000911459735:,Hold'em No Limit,0.02,0.05,EUR,5586,6-max,#2,7,h,2,h,1,Megan01,0.02,windbuc,0.05,areacac,SMGVLR_peperonexxx,Megan01,windbuc,rosy71,shortpez
Dollaro,#000911459735:,Hold'em No Limit,0.02,0.05,EUR,5586,6-max,#2,7,h,2,h,1,Megan01,0.02,windbuc,0.05,areacac,SMGVLR_peperonexxx,Megan01,windbuc,rosy71,shortpez
Dollaro,#000911459735:,Hold'em No Limit,0.02,0.05,EUR,5586,6-max,#2,7,h,2,h,1,Megan01,0.02,windbuc,0.05,areacac,SMGVLR_peperonexxx,Megan01,windbuc,rosy71,shortpez
Dollaro,#000911459735:,Hold'em No Limit,0.02,0.05,EUR,5586,6-max,#2,7,h,2,h,1,Megan01,0.02,windbuc,0.05,areacac,SMGVLR_peperonexxx,Megan01,windbuc,rosy71,shortpez
Dollaro,#000911459735:,Hold'em No Limit,0.02,0.05,EUR,5586,6-max,#2,7,h,2,h,1,Megan01,0.02,windbuc,0.05,areacac,SMGVLR_peperonexxx,Megan01,windbuc,rosy71,shortpez
Dollaro,#000911459735:,Hold'em No Limit,0.02,0.05,EUR,5586,6-max,#2,7,h,2,h,1,Megan01,0.02,windbuc,0.05,areacac,SMGVLR_peperonexxx,Megan01,windbuc,rosy71,shortpez
Dollaro,#000911459735:,Hold'em No Limit,0.02,0.05,EUR,5586,6-max,#2,7,h,2,h,1,Megan01,0.02,windbuc,0.05,areacac,SMGVLR_peperonexxx,Megan01,windbuc,rosy71,shortpez
Dollaro,#000911459735:,Hold'em No Limit,0.02,0.05,EUR,5586,6-max,#2,7,h,2,h,1,Megan01,0.02,windbuc,0.05,areacac,SMGVLR_peperonexxx,Megan01,windbuc,rosy71,shortpez
Dollaro,#000911459735:,Hold'em No Limit,0.02,0.05,EUR,5586,6-max,#2,7,h,2,h,1,Megan01,0.02,windbuc,0.05,areacac,SMGVLR_peperonexxx,Megan01,windbuc,rosy71,shortpez
Dollaro,#000911459735:,Hold'em No Limit,0.02,0.05,EUR,5586,6-max,#2,7,h,2,h,1,Megan01,0.02,windbuc,0.05,areacac,SMGVLR_peperonexxx,Megan01,windbuc,rosy71,shortpez
Dollaro,#000911459735:,Hold'em No Limit,0.02,0.05,EUR,5586,6-max,#2,7,h,2,h,1,Megan01,0.02,windbuc,0.05,areacac,SMGVLR_peperonexxx,Megan01,windbuc,rosy71,shortpez
Dollaro,#000911459803:,Hold'em No Limit,0.02,0.05,EUR,5586,6-max,#3,T,d,9,c,1,windbuc,0.02,rosy71,0.05,areacac,SMGVLR_peperonexxx,Megan01,windbuc,rosy71,shortpez
Dollaro,#000911459803:,Hold'em No Limit,0.02,0.05,EUR,5586,6-max,#3,T,d,9,c,1,windbuc,0.02,rosy71,0.05,areacac,SMGVLR_peperonexxx,Megan01,windbuc,rosy71,shortpez
Dollaro,#000911459803:,Hold'em No Limit,0.02,0.05,EUR,5586,6-max,#3,T,d,9,c,1,windbuc,0.02,rosy71,0.05,areacac,SMGVLR_peperonexxx,Megan01,windbuc,rosy71,shortpez
Dollaro,#000911459803:,Hold'em No Limit,0.02,0.05,EUR,5586,6-max,#3,T,d,9,c,1,windbuc,0.02,rosy71,0.05,areacac,SMGVLR_peperonexxx,Megan01,windbuc,rosy71,shortpez
Dollaro,#000911459803:,Hold'em No Limit,0.02,0.05,EUR,5586,6-max,#3,T,d,9,c,1,windbuc,0.02,rosy71,0.05,areacac,SMGVLR_peperonexxx,Megan01,windbuc,rosy71,shortpez
Dollaro,#000911459803:,Hold'em No Limit,0.02,0.05,EUR,5586,6-max,#3,T,d,9,c,1,windbuc,0.02,rosy71,0.05,areacac,SMGVLR_peperonexxx,Megan01,windbuc,rosy71,shortpez
Dollaro,#000911459803:,Hold'em No Limit,0.02,0.05,EUR,5586,6-max,#3,T,d,9,c,1,windbuc,0.02,rosy71,0.05,areacac,SMGVLR_peperonexxx,Megan01,windbuc,rosy71,shortpez
Dollaro,#000911459803:,Hold'em No Limit,0.02,0.05,EUR,5586,6-max,#3,T,d,9,c,1,windbuc,0.02,rosy71,0.05,areacac,SMGVLR_peperonexxx,Megan01,windbuc,rosy71,shortpez
Dollaro,#000911459844:,Hold'em No Limit,0.02,0.05,EUR,5586,6-max,#4,A,d,3,d,1,rosy71,0.02,shortpez,0.05,areacac,SMGVLR_peperonexxx,Megan01,windbuc,rosy71,shortpez
Dollaro,#000911459844:,Hold'em No Limit,0.02,0.05,EUR,5586,6-max,#4,A,d,3,d,1,rosy71,0.02,shortpez,0.05,areacac,SMGVLR_peperonexxx,Megan01,windbuc,rosy71,shortpez
Dollaro,#000911459844:,Hold'em No Limit,0.02,0.05,EUR,5586,6-max,#4,A,d,3,d,1,rosy71,0.02,shortpez,0.05,areacac,SMGVLR_peperonexxx,Megan01,windbuc,rosy71,shortpez
Dollaro,#000911459844:,Hold'em No Limit,0.02,0.05,EUR,5586,6-max,#4,A,d,3,d,1,rosy71,0.02,shortpez,0.05,areacac,SMGVLR_peperonexxx,Megan01,windbuc,rosy71,shortpez
Dollaro,#000911459844:,Hold'em No Limit,0.02,0.05,EUR,5586,6-max,#4,A,d,3,d,1,rosy71,0.02,shortpez,0.05,areacac,SMGVLR_peperonexxx,Megan01,windbuc,rosy71,shortpez
Dollaro,#000911459844:,Hold'em No Limit,0.02,0.05,EUR,5586,6-max,#4,A,d,3,d,1,rosy71,0.02,shortpez,0.05,areacac,SMGVLR_peperonexxx,Megan01,windbuc,rosy71,shortpez
Dollaro,#000911459844:,Hold'em No Limit,0.02,0.05,EUR,5586,6-max,#4,A,d,3,d,1,rosy71,0.02,shortpez,0.05,areacac,SMGVLR_peperonexxx,Megan01,windbuc,rosy71,shortpez
Dollaro,#000911459844:,Hold'em No Limit,0.02,0.05,EUR,5586,6-max,#4,A,d,3,d,1,rosy71,0.02,shortpez,0.05,areacac,SMGVLR_peperonexxx,Megan01,windbuc,rosy71,shortpez
Dollaro,#000911459882:,Hold'em No Limit,0.02,0.05,EUR,5586,6-max,#5,5,s,4,s,1,shortpez,0.02,areacac,0.05,areacac,SMGVLR_peperonexxx,Megan01,windbuc,rosy71,shortpez
Dollaro,#000911459882:,Hold'em No Limit,0.02,0.05,EUR,5586,6-max,#5,5,s,4,s,1,shortpez,0.02,areacac,0.05,areacac,SMGVLR_peperonexxx,Megan01,windbuc,rosy71,shortpez
Dollaro,#000911459882:,Hold'em No Limit,0.02,0.05,EUR,5586,6-max,#5,5,s,4,s,1,shortpez,0.02,areacac,0.05,areacac,SMGVLR_peperonexxx,Megan01,windbuc,rosy71,shortpez
Dollaro,#000911459882:,Hold'em No Limit,0.02,0.05,EUR,5586,6-max,#5,5,s,4,s,1,shortpez,0.02,areacac,0.05,areacac,SMGVLR_peperonexxx,Megan01,windbuc,rosy71,shortpez
Dollaro,#000911459882:,Hold'em No Limit,0.02,0.05,EUR,5586,6-max,#5,5,s,4,s,1,shortpez,0.02,areacac,0.05,areacac,SMGVLR_peperonexxx,Megan01,windbuc,rosy71,shortpez
Dollaro,#000911459882:,Hold'em No Limit,0.02,0.05,EUR,5586,6-max,#5,5,s,4,s,1,shortpez,0.02,areacac,0.05,areacac,SMGVLR_peperonexxx,Megan01,windbuc,rosy71,shortpez
Dollaro,#000911459882:,Hold'em No Limit,0.02,0.05,EUR,5586,6-max,#5,5,s,4,s,1,shortpez,0.02,areacac,0.05,areacac,SMGVLR_peperonexxx,Megan01,windbuc,rosy71,shortpez
Dollaro,#000911459882:,Hold'em No Limit,0.02,0.05,EUR,5586,6-max,#5,5,s,4,s,1,shortpez,0.02,areacac,0.05,areacac,SMGVLR_peperonexxx,Megan01,windbuc,rosy71,shortpez
Dollaro,#000911459882:,Hold'em No Limit,0.02,0.05,EUR,5586,6-max,#5,5,s,4,s,1,shortpez,0.02,areacac,0.05,areacac,SMGVLR_peperonexxx,Megan01,windbuc,rosy71,shortpez
Dollaro,#000911459882:,Hold'em No Limit,0.02,0.05,EUR,5586,6-max,#5,5,s,4,s,1,shortpez,0.02,areacac,0.05,areacac,SMGVLR_peperonexxx,Megan01,windbuc,rosy71,shortpez
Dollaro,#000911459882:,Hold'em No Limit,0.02,0.05,EUR,5586,6-max,#5,5,s,4,s,1,shortpez,0.02,areacac,0.05,areacac,SMGVLR_peperonexxx,Megan01,windbuc,rosy71,shortpez
Dollaro,#000911459882:,Hold'em No Limit,0.02,0.05,EUR,5586,6-max,#5,5,s,4,s,1,shortpez,0.02,areacac,0.05,areacac,SMGVLR_peperonexxx,Megan01,windbuc,rosy71,shortpez
Dollaro,#000911459944:,Hold'em No Limit,0.02,0.05,EUR,5586,6-max,#6,5,c,2,c,1,areacac,0.02,SMGVLR_peperonexxx,0.05,areacac,SMGVLR_peperonexxx,Megan01,windbuc,rosy71,shortpez
Dollaro,#000911459944:,Hold'em No Limit,0.02,0.05,EUR,5586,6-max,#6,5,c,2,c,1,areacac,0.02,SMGVLR_peperonexxx,0.05,areacac,SMGVLR_peperonexxx,Megan01,windbuc,rosy71,shortpez
Dollaro,#000911459944:,Hold'em No Limit,0.02,0.05,EUR,5586,6-max,#6,5,c,2,c,1,areacac,0.02,SMGVLR_peperonexxx,0.05,areacac,SMGVLR_peperonexxx,Megan01,windbuc,rosy71,shortpez
Dollaro,#000911459944:,Hold'em No Limit,0.02,0.05,EUR,5586,6-max,#6,5,c,2,c,1,areacac,0.02,SMGVLR_peperonexxx,0.05,areacac,SMGVLR_peperonexxx,Megan01,windbuc,rosy71,shortpez
Dollaro,#000911459944:,Hold'em No Limit,0.02,0.05,EUR,5586,6-max,#6,5,c,2,c,1,areacac,0.02,SMGVLR_peperonexxx,0.05,areacac,SMGVLR_peperonexxx,Megan01,windbuc,rosy71,shortpez
Dollaro,#000911459944:,Hold'em No Limit,0.02,0.05,EUR,5586,6-max,#6,5,c,2,c,1,areacac,0.02,SMGVLR_peperonexxx,0.05,areacac,SMGVLR_peperonexxx,Megan01,windbuc,rosy71,shortpez
Dollaro,#000911459944:,Hold'em No Limit,0.02,0.05,EUR,5586,6-max,#6,5,c,2,c,1,areacac,0.02,SMGVLR_peperonexxx,0.05,areacac,SMGVLR_peperonexxx,Megan01,windbuc,rosy71,shortpez
Dollaro,#000911459944:,Hold'em No Limit,0.02,0.05,EUR,5586,6-max,#6,5,c,2,c,1,areacac,0.02,SMGVLR_peperonexxx,0.05,areacac,SMGVLR_peperonexxx,Megan01,windbuc,rosy71,shortpez
Dollaro,#000911459944:,Hold'em No Limit,0.02,0.05,EUR,5586,6-max,#6,5,c,2,c,1,areacac,0.02,SMGVLR_peperonexxx,0.05,areacac,SMGVLR_peperonexxx,Megan01,windbuc,rosy71,shortpez
Dollaro,#000911459944:,Hold'em No Limit,0.02,0.05,EUR,5586,6-max,#6,5,c,2,c,1,areacac,0.02,SMGVLR_peperonexxx,0.05,areacac,SMGVLR_peperonexxx,Megan01,windbuc,rosy71,shortpez
Dollaro,#000911459944:,Hold'em No Limit,0.02,0.05,EUR,5586,6-max,#6,5,c,2,c,1,areacac,0.02,SMGVLR_peperonexxx,0.05,areacac,SMGVLR_peperonexxx,Megan01,windbuc,rosy71,shortpez
Dollaro,#000911459944:,Hold'em No Limit,0.02,0.05,EUR,5586,6-max,#6,5,c,2,c,1,areacac,0.02,SMGVLR_peperonexxx,0.05,areacac,SMGVLR_peperonexxx,Megan01,windbuc,rosy71,shortpez
Dollaro,#000911459944:,Hold'em No Limit,0.02,0.05,EUR,5586,6-max,#6,5,c,2,c,1,areacac,0.02,SMGVLR_peperonexxx,0.05,areacac,SMGVLR_peperonexxx,Megan01,windbuc,rosy71,shortpez
Dollaro,#000911459991:,Hold'em No Limit,0.02,0.05,EUR,5586,6-max,#1,K,h,J,d,1,SMGVLR_peperonexxx,0.02,Megan01,0.05,areacac,SMGVLR_peperonexxx,Megan01,windbuc,rosy71,shortpez
Dollaro,#000911459991:,Hold'em No Limit,0.02,0.05,EUR,5586,6-max,#1,K,h,J,d,1,SMGVLR_peperonexxx,0.02,Megan01,0.05,areacac,SMGVLR_peperonexxx,Megan01,windbuc,rosy71,shortpez
Dollaro,#000911459991:,Hold'em No Limit,0.02,0.05,EUR,5586,6-max,#1,K,h,J,d,1,SMGVLR_peperonexxx,0.02,Megan01,0.05,areacac,SMGVLR_peperonexxx,Megan01,windbuc,rosy71,shortpez
Dollaro,#000911459991:,Hold'em No Limit,0.02,0.05,EUR,5586,6-max,#1,K,h,J,d,1,SMGVLR_peperonexxx,0.02,Megan01,0.05,areacac,SMGVLR_peperonexxx,Megan01,windbuc,rosy71,shortpez
Dollaro,#000911459991:,Hold'em No Limit,0.02,0.05,EUR,5586,6-max,#1,K,h,J,d,1,SMGVLR_peperonexxx,0.02,Megan01,0.05,areacac,SMGVLR_peperonexxx,Megan01,windbuc,rosy71,shortpez
Dollaro,#000911459991:,Hold'em No Limit,0.02,0.05,EUR,5586,6-max,#1,K,h,J,d,1,SMGVLR_peperonexxx,0.02,Megan01,0.05,areacac,SMGVLR_peperonexxx,Megan01,windbuc,rosy71,shortpez
Dollaro,#000911459991:,Hold'em No Limit,0.02,0.05,EUR,5586,6-max,#1,K,h,J,d,1,SMGVLR_peperonexxx,0.02,Megan01,0.05,areacac,SMGVLR_peperonexxx,Megan01,windbuc,rosy71,shortpez
Dollaro,#000911459991:,Hold'em No Limit,0.02,0.05,EUR,5586,6-max,#1,K,h,J,d,1,SMGVLR_peperonexxx,0.02,Megan01,0.05,areacac,SMGVLR_peperonexxx,Megan01,windbuc,rosy71,shortpez
Dollaro,#000911459991:,Hold'em No Limit,0.02,0.05,EUR,5586,6-max,#1,K,h,J,d,1,SMGVLR_peperonexxx,0.02,Megan01,0.05,areacac,SMGVLR_peperonexxx,Megan01,windbuc,rosy71,shortpez
Dollaro,#000911459991:,Hold'em No Limit,0.02,0.05,EUR,5586,6-max,#1,K,h,J,d,1,SMGVLR_peperonexxx,0.02,Megan01,0.05,areacac,SMGVLR_peperonexxx,Megan01,windbuc,rosy71,shortpez
Dollaro,#000911459991:,Hold'em No Limit,0.02,0.05,EUR,5586,6-max,#1,K,h,J,d,1,SMGVLR_peperonexxx,0.02,Megan01,0.05,areacac,SMGVLR_peperonexxx,Megan01,windbuc,rosy71,shortpez
Dollaro,#000911460029:,Hold'em No Limit,0.02,0.05,EUR,5586,6-max,#2,5,s,Q,h,1,Megan01,0.02,windbuc,0.05,areacac,SMGVLR_peperonexxx,Megan01,windbuc,rosy71,shortpez
Dollaro,#000911460029:,Hold'em No Limit,0.02,0.05,EUR,5586,6-max,#2,5,s,Q,h,1,Megan01,0.02,windbuc,0.05,areacac,SMGVLR_peperonexxx,Megan01,windbuc,rosy71,shortpez
Dollaro,#000911460029:,Hold'em No Limit,0.02,0.05,EUR,5586,6-max,#2,5,s,Q,h,1,Megan01,0.02,windbuc,0.05,areacac,SMGVLR_peperonexxx,Megan01,windbuc,rosy71,shortpez
Dollaro,#000911460029:,Hold'em No Limit,0.02,0.05,EUR,5586,6-max,#2,5,s,Q,h,1,Megan01,0.02,windbuc,0.05,areacac,SMGVLR_peperonexxx,Megan01,windbuc,rosy71,shortpez
Dollaro,#000911460029:,Hold'em No Limit,0.02,0.05,EUR,5586,6-max,#2,5,s,Q,h,1,Megan01,0.02,windbuc,0.05,areacac,SMGVLR_peperonexxx,Megan01,windbuc,rosy71,shortpez
Dollaro,#000911460029:,Hold'em No Limit,0.02,0.05,EUR,5586,6-max,#2,5,s,Q,h,1,Megan01,0.02,windbuc,0.05,areacac,SMGVLR_peperonexxx,Megan01,windbuc,rosy71,shortpez
Dollaro,#000911460029:,Hold'em No Limit,0.02,0.05,EUR,5586,6-max,#2,5,s,Q,h,1,Megan01,0.02,windbuc,0.05,areacac,SMGVLR_peperonexxx,Megan01,windbuc,rosy71,shortpez
Dollaro,#000911460029:,Hold'em No Limit,0.02,0.05,EUR,5586,6-max,#2,5,s,Q,h,1,Megan01,0.02,windbuc,0.05,areacac,SMGVLR_peperonexxx,Megan01,windbuc,rosy71,shortpez
Dollaro,#000911460029:,Hold'em No Limit,0.02,0.05,EUR,5586,6-max,#2,5,s,Q,h,1,Megan01,0.02,windbuc,0.05,areacac,SMGVLR_peperonexxx,Megan01,windbuc,rosy71,shortpez
Dollaro,#000911460029:,Hold'em No Limit,0.02,0.05,EUR,5586,6-max,#2,5,s,Q,h,1,Megan01,0.02,windbuc,0.05,areacac,SMGVLR_peperonexxx,Megan01,windbuc,rosy71,shortpez
Dollaro,#000911460072:,Hold'em No Limit,0.02,0.05,EUR,5586,6-max,#3,T,h,3,d,1,windbuc,0.02,rosy71,0.05,areacac,SMGVLR_peperonexxx,Megan01,windbuc,rosy71,shortpez
Dollaro,#000911460072:,Hold'em No Limit,0.02,0.05,EUR,5586,6-max,#3,T,h,3,d,1,windbuc,0.02,rosy71,0.05,areacac,SMGVLR_peperonexxx,Megan01,windbuc,rosy71,shortpez
Dollaro,#000911460072:,Hold'em No Limit,0.02,0.05,EUR,5586,6-max,#3,T,h,3,d,1,windbuc,0.02,rosy71,0.05,areacac,SMGVLR_peperonexxx,Megan01,windbuc,rosy71,shortpez
Dollaro,#000911460072:,Hold'em No Limit,0.02,0.05,EUR,5586,6-max,#3,T,h,3,d,1,windbuc,0.02,rosy71,0.05,areacac,SMGVLR_peperonexxx,Megan01,windbuc,rosy71,shortpez
Dollaro,#000911460072:,Hold'em No Limit,0.02,0.05,EUR,5586,6-max,#3,T,h,3,d,1,windbuc,0.02,rosy71,0.05,areacac,SMGVLR_peperonexxx,Megan01,windbuc,rosy71,shortpez
Dollaro,#000911460072:,Hold'em No Limit,0.02,0.05,EUR,5586,6-max,#3,T,h,3,d,1,windbuc,0.02,rosy71,0.05,areacac,SMGVLR_peperonexxx,Megan01,windbuc,rosy71,shortpez
Dollaro,#000911460072:,Hold'em No Limit,0.02,0.05,EUR,5586,6-max,#3,T,h,3,d,1,windbuc,0.02,rosy71,0.05,areacac,SMGVLR_peperonexxx,Megan01,windbuc,rosy71,shortpez
Dollaro,#000911460072:,Hold'em No Limit,0.02,0.05,EUR,5586,6-max,#3,T,h,3,d,1,windbuc,0.02,rosy71,0.05,areacac,SMGVLR_peperonexxx,Megan01,windbuc,rosy71,shortpez
Dollaro,#000911460072:,Hold'em No Limit,0.02,0.05,EUR,5586,6-max,#3,T,h,3,d,1,windbuc,0.02,rosy71,0.05,areacac,SMGVLR_peperonexxx,Megan01,windbuc,rosy71,shortpez
Dollaro,#000911460072:,Hold'em No Limit,0.02,0.05,EUR,5586,6-max,#3,T,h,3,d,1,windbuc,0.02,rosy71,0.05,areacac,SMGVLR_peperonexxx,Megan01,windbuc,rosy71,shortpez
Dollaro,#000911460115:,Hold'em No Limit,0.02,0.05,EUR,5586,6-max,#4,A,d,3,c,1,rosy71,0.02,shortpez,0.05,areacac,SMGVLR_peperonexxx,Megan01,windbuc,rosy71,shortpez
Dollaro,#000911460115:,Hold'em No Limit,0.02,0.05,EUR,5586,6-max,#4,A,d,3,c,1,rosy71,0.02,shortpez,0.05,areacac,SMGVLR_peperonexxx,Megan01,windbuc,rosy71,shortpez
Dollaro,#000911460115:,Hold'em No Limit,0.02,0.05,EUR,5586,6-max,#4,A,d,3,c,1,rosy71,0.02,shortpez,0.05,areacac,SMGVLR_peperonexxx,Megan01,windbuc,rosy71,shortpez
Dollaro,#000911460115:,Hold'em No Limit,0.02,0.05,EUR,5586,6-max,#4,A,d,3,c,1,rosy71,0.02,shortpez,0.05,areacac,SMGVLR_peperonexxx,Megan01,windbuc,rosy71,shortpez
Dollaro,#000911460115:,Hold'em No Limit,0.02,0.05,EUR,5586,6-max,#4,A,d,3,c,1,rosy71,0.02,shortpez,0.05,areacac,SMGVLR_peperonexxx,Megan01,windbuc,rosy71,shortpez
Dollaro,#000911460115:,Hold'em No Limit,0.02,0.05,EUR,5586,6-max,#4,A,d,3,c,1,rosy71,0.02,shortpez,0.05,areacac,SMGVLR_peperonexxx,Megan01,windbuc,rosy71,shortpez
Dollaro,#000911460115:,Hold'em No Limit,0.02,0.05,EUR,5586,6-max,#4,A,d,3,c,1,rosy71,0.02,shortpez,0.05,areacac,SMGVLR_peperonexxx,Megan01,windbuc,rosy71,shortpez
Dollaro,#000911460115:,Hold'em No Limit,0.02,0.05,EUR,5586,6-max,#4,A,d,3,c,1,rosy71,0.02,shortpez,0.05,areacac,SMGVLR_peperonexxx,Megan01,windbuc,rosy71,shortpez
Dollaro,#000911460115:,Hold'em No Limit,0.02,0.05,EUR,5586,6-max,#4,A,d,3,c,1,rosy71,0.02,shortpez,0.05,areacac,SMGVLR_peperonexxx,Megan01,windbuc,rosy71,shortpez
Dollaro,#000911460115:,Hold'em No Limit,0.02,0.05,EUR,5586,6-max,#4,A,d,3,c,1,rosy71,0.02,shortpez,0.05,areacac,SMGVLR_peperonexxx,Megan01,windbuc,rosy71,shortpez
Dollaro,#000911460115:,Hold'em No Limit,0.02,0.05,EUR,5586,6-max,#4,A,d,3,c,1,rosy71,0.02,shortpez,0.05,areacac,SMGVLR_peperonexxx,Megan01,windbuc,rosy71,shortpez
Dollaro,#000911460115:,Hold'em No Limit,0.02,0.05,EUR,5586,6-max,#4,A,d,3,c,1,rosy71,0.02,shortpez,0.05,areacac,SMGVLR_peperonexxx,Megan01,windbuc,rosy71,shortpez
Dollaro,#000911460115:,Hold'em No Limit,0.02,0.05,EUR,5586,6-max,#4,A,d,3,c,1,rosy71,0.02,shortpez,0.05,areacac,SMGVLR_peperonexxx,Megan01,windbuc,rosy71,shortpez
Dollaro,#000911460115:,Hold'em No Limit,0.02,0.05,EUR,5586,6-max,#4,A,d,3,c,1,rosy71,0.02,shortpez,0.05,areacac,SMGVLR_peperonexxx,Megan01,windbuc,rosy71,shortpez
Dollaro,#000911460115:,Hold'em No Limit,0.02,0.05,EUR,5586,6-max,#4,A,d,3,c,1,rosy71,0.02,shortpez,0.05,areacac,SMGVLR_peperonexxx,Megan01,windbuc,rosy71,shortpez
Dollaro,#000911460115:,Hold'em No Limit,0.02,0.05,EUR,5586,6-max,#4,A,d,3,c,1,rosy71,0.02,shortpez,0.05,areacac,SMGVLR_peperonexxx,Megan01,windbuc,rosy71,shortpez
Dollaro,#000911460115:,Hold'em No Limit,0.02,0.05,EUR,5586,6-max,#4,A,d,3,c,1,rosy71,0.02,shortpez,0.05,areacac,SMGVLR_peperonexxx,Megan01,windbuc,rosy71,shortpez
Dollaro,#000911460115:,Hold'em No Limit,0.02,0.05,EUR,5586,6-max,#4,A,d,3,c,1,rosy71,0.02,shortpez,0.05,areacac,SMGVLR_peperonexxx,Megan01,windbuc,rosy71,shortpez
Dollaro,#000911460115:,Hold'em No Limit,0.02,0.05,EUR,5586,6-max,#4,A,d,3,c,1,rosy71,0.02,shortpez,0.05,areacac,SMGVLR_peperonexxx,Megan01,windbuc,rosy71,shortpez
Dollaro,#000911460115:,Hold'em No Limit,0.02,0.05,EUR,5586,6-max,#4,A,d,3,c,1,rosy71,0.02,shortpez,0.05,areacac,SMGVLR_peperonexxx,Megan01,windbuc,rosy71,shortpez
Dollaro,#000911460115:,Hold'em No Limit,0.02,0.05,EUR,5586,6-max,#4,A,d,3,c,1,rosy71,0.02,shortpez,0.05,areacac,SMGVLR_peperonexxx,Megan01,windbuc,rosy71,shortpez
Dollaro,#000911460187:,Hold'em No Limit,0.02,0.05,EUR,5586,6-max,#5,J,d,5,c,1,shortpez,0.02,areacac,0.05,areacac,SMGVLR_peperonexxx,Megan01,windbuc,rosy71,shortpez
Dollaro,#000911460187:,Hold'em No Limit,0.02,0.05,EUR,5586,6-max,#5,J,d,5,c,1,shortpez,0.02,areacac,0.05,areacac,SMGVLR_peperonexxx,Megan01,windbuc,rosy71,shortpez
Dollaro,#000911460187:,Hold'em No Limit,0.02,0.05,EUR,5586,6-max,#5,J,d,5,c,1,shortpez,0.02,areacac,0.05,areacac,SMGVLR_peperonexxx,Megan01,windbuc,rosy71,shortpez
Dollaro,#000911460187:,Hold'em No Limit,0.02,0.05,EUR,5586,6-max,#5,J,d,5,c,1,shortpez,0.02,areacac,0.05,areacac,SMGVLR_peperonexxx,Megan01,windbuc,rosy71,shortpez
Dollaro,#000911460187:,Hold'em No Limit,0.02,0.05,EUR,5586,6-max,#5,J,d,5,c,1,shortpez,0.02,areacac,0.05,areacac,SMGVLR_peperonexxx,Megan01,windbuc,rosy71,shortpez
Dollaro,#000911460187:,Hold'em No Limit,0.02,0.05,EUR,5586,6-max,#5,J,d,5,c,1,shortpez,0.02,areacac,0.05,areacac,SMGVLR_peperonexxx,Megan01,windbuc,rosy71,shortpez
Dollaro,#000911460187:,Hold'em No Limit,0.02,0.05,EUR,5586,6-max,#5,J,d,5,c,1,shortpez,0.02,areacac,0.05,areacac,SMGVLR_peperonexxx,Megan01,windbuc,rosy71,shortpez
Dollaro,#000911460187:,Hold'em No Limit,0.02,0.05,EUR,5586,6-max,#5,J,d,5,c,1,shortpez,0.02,areacac,0.05,areacac,SMGVLR_peperonexxx,Megan01,windbuc,rosy71,shortpez
Dollaro,#000911460217:,Hold'em No Limit,0.02,0.05,EUR,5586,6-max,#6,7,h,K,c,1,areacac,0.02,SMGVLR_peperonexxx,0.05,areacac,SMGVLR_peperonexxx,Megan01,windbuc,rosy71,shortpez
Dollaro,#000911460217:,Hold'em No Limit,0.02,0.05,EUR,5586,6-max,#6,7,h,K,c,1,areacac,0.02,SMGVLR_peperonexxx,0.05,areacac,SMGVLR_peperonexxx,Megan01,windbuc,rosy71,shortpez
Dollaro,#000911460217:,Hold'em No Limit,0.02,0.05,EUR,5586,6-max,#6,7,h,K,c,1,areacac,0.02,SMGVLR_peperonexxx,0.05,areacac,SMGVLR_peperonexxx,Megan01,windbuc,rosy71,shortpez
Dollaro,#000911460217:,Hold'em No Limit,0.02,0.05,EUR,5586,6-max,#6,7,h,K,c,1,areacac,0.02,SMGVLR_peperonexxx,0.05,areacac,SMGVLR_peperonexxx,Megan01,windbuc,rosy71,shortpez
Dollaro,#000911460217:,Hold'em No Limit,0.02,0.05,EUR,5586,6-max,#6,7,h,K,c,1,areacac,0.02,SMGVLR_peperonexxx,0.05,areacac,SMGVLR_peperonexxx,Megan01,windbuc,rosy71,shortpez
Dollaro,#000911460217:,Hold'em No Limit,0.02,0.05,EUR,5586,6-max,#6,7,h,K,c,1,areacac,0.02,SMGVLR_peperonexxx,0.05,areacac,SMGVLR_peperonexxx,Megan01,windbuc,rosy71,shortpez
Dollaro,#000911460217:,Hold'em No Limit,0.02,0.05,EUR,5586,6-max,#6,7,h,K,c,1,areacac,0.02,SMGVLR_peperonexxx,0.05,areacac,SMGVLR_peperonexxx,Megan01,windbuc,rosy71,shortpez
Dollaro,#000911460217:,Hold'em No Limit,0.02,0.05,EUR,5586,6-max,#6,7,h,K,c,1,areacac,0.02,SMGVLR_peperonexxx,0.05,areacac,SMGVLR_peperonexxx,Megan01,windbuc,rosy71,shortpez
Dollaro,#000911460217:,Hold'em No Limit,0.02,0.05,EUR,5586,6-max,#6,7,h,K,c,1,areacac,0.02,SMGVLR_peperonexxx,0.05,areacac,SMGVLR_peperonexxx,Megan01,windbuc,rosy71,shortpez
Dollaro,#000911460217:,Hold'em No Limit,0.02,0.05,EUR,5586,6-max,#6,7,h,K,c,1,areacac,0.02,SMGVLR_peperonexxx,0.05,areacac,SMGVLR_peperonexxx,Megan01,windbuc,rosy71,shortpez
Dollaro,#000911460217:,Hold'em No Limit,0.02,0.05,EUR,5586,6-max,#6,7,h,K,c,1,areacac,0.02,SMGVLR_peperonexxx,0.05,areacac,SMGVLR_peperonexxx,Megan01,windbuc,rosy71,shortpez
Dollaro,#000911460253:,Hold'em No Limit,0.02,0.05,EUR,5586,6-max,#1,3,h,T,c,1,SMGVLR_peperonexxx,0.02,Megan01,0.05,areacac,SMGVLR_peperonexxx,Megan01,windbuc,rosy71,shortpez
Dollaro,#000911460253:,Hold'em No Limit,0.02,0.05,EUR,5586,6-max,#1,3,h,T,c,1,SMGVLR_peperonexxx,0.02,Megan01,0.05,areacac,SMGVLR_peperonexxx,Megan01,windbuc,rosy71,shortpez
Dollaro,#000911460253:,Hold'em No Limit,0.02,0.05,EUR,5586,6-max,#1,3,h,T,c,1,SMGVLR_peperonexxx,0.02,Megan01,0.05,areacac,SMGVLR_peperonexxx,Megan01,windbuc,rosy71,shortpez
Dollaro,#000911460253:,Hold'em No Limit,0.02,0.05,EUR,5586,6-max,#1,3,h,T,c,1,SMGVLR_peperonexxx,0.02,Megan01,0.05,areacac,SMGVLR_peperonexxx,Megan01,windbuc,rosy71,shortpez
Dollaro,#000911460253:,Hold'em No Limit,0.02,0.05,EUR,5586,6-max,#1,3,h,T,c,1,SMGVLR_peperonexxx,0.02,Megan01,0.05,areacac,SMGVLR_peperonexxx,Megan01,windbuc,rosy71,shortpez
Dollaro,#000911460253:,Hold'em No Limit,0.02,0.05,EUR,5586,6-max,#1,3,h,T,c,1,SMGVLR_peperonexxx,0.02,Megan01,0.05,areacac,SMGVLR_peperonexxx,Megan01,windbuc,rosy71,shortpez
Dollaro,#000911460253:,Hold'em No Limit,0.02,0.05,EUR,5586,6-max,#1,3,h,T,c,1,SMGVLR_peperonexxx,0.02,Megan01,0.05,areacac,SMGVLR_peperonexxx,Megan01,windbuc,rosy71,shortpez
Dollaro,#000911460253:,Hold'em No Limit,0.02,0.05,EUR,5586,6-max,#1,3,h,T,c,1,SMGVLR_peperonexxx,0.02,Megan01,0.05,areacac,SMGVLR_peperonexxx,Megan01,windbuc,rosy71,shortpez
Dollaro,#000911460253:,Hold'em No Limit,0.02,0.05,EUR,5586,6-max,#1,3,h,T,c,1,SMGVLR_peperonexxx,0.02,Megan01,0.05,areacac,SMGVLR_peperonexxx,Megan01,windbuc,rosy71,shortpez
Dollaro,#000911460253:,Hold'em No Limit,0.02,0.05,EUR,5586,6-max,#1,3,h,T,c,1,SMGVLR_peperonexxx,0.02,Megan01,0.05,areacac,SMGVLR_peperonexxx,Megan01,windbuc,rosy71,shortpez
Dollaro,#000911460253:,Hold'em No Limit,0.02,0.05,EUR,5586,6-max,#1,3,h,T,c,1,SMGVLR_peperonexxx,0.02,Megan01,0.05,areacac,SMGVLR_peperonexxx,Megan01,windbuc,rosy71,shortpez
Dollaro,#000911460253:,Hold'em No Limit,0.02,0.05,EUR,5586,6-max,#1,3,h,T,c,1,SMGVLR_peperonexxx,0.02,Megan01,0.05,areacac,SMGVLR_peperonexxx,Megan01,windbuc,rosy71,shortpez
Dollaro,#000911460318:,Hold'em No Limit,0.02,0.05,EUR,5586,6-max,#2,2,s,3,h,1,Megan01,0.02,windbuc,0.05,areacac,SMGVLR_peperonexxx,Megan01,windbuc,rosy71,shortpez
Dollaro,#000911460318:,Hold'em No Limit,0.02,0.05,EUR,5586,6-max,#2,2,s,3,h,1,Megan01,0.02,windbuc,0.05,areacac,SMGVLR_peperonexxx,Megan01,windbuc,rosy71,shortpez
Dollaro,#000911460318:,Hold'em No Limit,0.02,0.05,EUR,5586,6-max,#2,2,s,3,h,1,Megan01,0.02,windbuc,0.05,areacac,SMGVLR_peperonexxx,Megan01,windbuc,rosy71,shortpez
Dollaro,#000911460318:,Hold'em No Limit,0.02,0.05,EUR,5586,6-max,#2,2,s,3,h,1,Megan01,0.02,windbuc,0.05,areacac,SMGVLR_peperonexxx,Megan01,windbuc,rosy71,shortpez
Dollaro,#000911460318:,Hold'em No Limit,0.02,0.05,EUR,5586,6-max,#2,2,s,3,h,1,Megan01,0.02,windbuc,0.05,areacac,SMGVLR_peperonexxx,Megan01,windbuc,rosy71,shortpez
Dollaro,#000911460318:,Hold'em No Limit,0.02,0.05,EUR,5586,6-max,#2,2,s,3,h,1,Megan01,0.02,windbuc,0.05,areacac,SMGVLR_peperonexxx,Megan01,windbuc,rosy71,shortpez
Dollaro,#000911460318:,Hold'em No Limit,0.02,0.05,EUR,5586,6-max,#2,2,s,3,h,1,Megan01,0.02,windbuc,0.05,areacac,SMGVLR_peperonexxx,Megan01,windbuc,rosy71,shortpez
Dollaro,#000911460318:,Hold'em No Limit,0.02,0.05,EUR,5586,6-max,#2,2,s,3,h,1,Megan01,0.02,windbuc,0.05,areacac,SMGVLR_peperonexxx,Megan01,windbuc,rosy71,shortpez
Dollaro,#000911460347:,Hold'em No Limit,0.02,0.05,EUR,5586,6-max,#3,T,s,8,s,1,windbuc,0.02,rosy71,0.05,areacac,SMGVLR_peperonexxx,Megan01,windbuc,rosy71,shortpez
Dollaro,#000911460347:,Hold'em No Limit,0.02,0.05,EUR,5586,6-max,#3,T,s,8,s,1,windbuc,0.02,rosy71,0.05,areacac,SMGVLR_peperonexxx,Megan01,windbuc,rosy71,shortpez
Dollaro,#000911460347:,Hold'em No Limit,0.02,0.05,EUR,5586,6-max,#3,T,s,8,s,1,windbuc,0.02,rosy71,0.05,areacac,SMGVLR_peperonexxx,Megan01,windbuc,rosy71,shortpez
Dollaro,#000911460347:,Hold'em No Limit,0.02,0.05,EUR,5586,6-max,#3,T,s,8,s,1,windbuc,0.02,rosy71,0.05,areacac,SMGVLR_peperonexxx,Megan01,windbuc,rosy71,shortpez
Dollaro,#000911460347:,Hold'em No Limit,0.02,0.05,EUR,5586,6-max,#3,T,s,8,s,1,windbuc,0.02,rosy71,0.05,areacac,SMGVLR_peperonexxx,Megan01,windbuc,rosy71,shortpez
Dollaro,#000911460347:,Hold'em No Limit,0.02,0.05,EUR,5586,6-max,#3,T,s,8,s,1,windbuc,0.02,rosy71,0.05,areacac,SMGVLR_peperonexxx,Megan01,windbuc,rosy71,shortpez
Dollaro,#000911460347:,Hold'em No Limit,0.02,0.05,EUR,5586,6-max,#3,T,s,8,s,1,windbuc,0.02,rosy71,0.05,areacac,SMGVLR_peperonexxx,Megan01,windbuc,rosy71,shortpez
Dollaro,#000911460347:,Hold'em No Limit,0.02,0.05,EUR,5586,6-max,#3,T,s,8,s,1,windbuc,0.02,rosy71,0.05,areacac,SMGVLR_peperonexxx,Megan01,windbuc,rosy71,shortpez
Dollaro,#000911460379:,Hold'em No Limit,0.02,0.05,EUR,5586,6-max,#4,9,h,6,d,1,rosy71,0.02,shortpez,0.05,areacac,SMGVLR_peperonexxx,Megan01,windbuc,rosy71,shortpez
Dollaro,#000911460379:,Hold'em No Limit,0.02,0.05,EUR,5586,6-max,#4,9,h,6,d,1,rosy71,0.02,shortpez,0.05,areacac,SMGVLR_peperonexxx,Megan01,windbuc,rosy71,shortpez
Dollaro,#000911460379:,Hold'em No Limit,0.02,0.05,EUR,5586,6-max,#4,9,h,6,d,1,rosy71,0.02,shortpez,0.05,areacac,SMGVLR_peperonexxx,Megan01,windbuc,rosy71,shortpez
Dollaro,#000911460379:,Hold'em No Limit,0.02,0.05,EUR,5586,6-max,#4,9,h,6,d,1,rosy71,0.02,shortpez,0.05,areacac,SMGVLR_peperonexxx,Megan01,windbuc,rosy71,shortpez
Dollaro,#000911460379:,Hold'em No Limit,0.02,0.05,EUR,5586,6-max,#4,9,h,6,d,1,rosy71,0.02,shortpez,0.05,areacac,SMGVLR_peperonexxx,Megan01,windbuc,rosy71,shortpez
Dollaro,#000911460379:,Hold'em No Limit,0.02,0.05,EUR,5586,6-max,#4,9,h,6,d,1,rosy71,0.02,shortpez,0.05,areacac,SMGVLR_peperonexxx,Megan01,windbuc,rosy71,shortpez
Dollaro,#000911460379:,Hold'em No Limit,0.02,0.05,EUR,5586,6-max,#4,9,h,6,d,1,rosy71,0.02,shortpez,0.05,areacac,SMGVLR_peperonexxx,Megan01,windbuc,rosy71,shortpez
Dollaro,#000911460379:,Hold'em No Limit,0.02,0.05,EUR,5586,6-max,#4,9,h,6,d,1,rosy71,0.02,shortpez,0.05,areacac,SMGVLR_peperonexxx,Megan01,windbuc,rosy71,shortpez
Dollaro,#000911460379:,Hold'em No Limit,0.02,0.05,EUR,5586,6-max,#4,9,h,6,d,1,rosy71,0.02,shortpez,0.05,areacac,SMGVLR_peperonexxx,Megan01,windbuc,rosy71,shortpez
Dollaro,#000911460379:,Hold'em No Limit,0.02,0.05,EUR,5586,6-max,#4,9,h,6,d,1,rosy71,0.02,shortpez,0.05,areacac,SMGVLR_peperonexxx,Megan01,windbuc,rosy71,shortpez
Dollaro,#000911460379:,Hold'em No Limit,0.02,0.05,EUR,5586,6-max,#4,9,h,6,d,1,rosy71,0.02,shortpez,0.05,areacac,SMGVLR_peperonexxx,Megan01,windbuc,rosy71,shortpez
Dollaro,#000911460379:,Hold'em No Limit,0.02,0.05,EUR,5586,6-max,#4,9,h,6,d,1,rosy71,0.02,shortpez,0.05,areacac,SMGVLR_peperonexxx,Megan01,windbuc,rosy71,shortpez
Dollaro,#000911460379:,Hold'em No Limit,0.02,0.05,EUR,5586,6-max,#4,9,h,6,d,1,rosy71,0.02,shortpez,0.05,areacac,SMGVLR_peperonexxx,Megan01,windbuc,rosy71,shortpez
Dollaro,#000911460379:,Hold'em No Limit,0.02,0.05,EUR,5586,6-max,#4,9,h,6,d,1,rosy71,0.02,shortpez,0.05,areacac,SMGVLR_peperonexxx,Megan01,windbuc,rosy71,shortpez
Dollaro,#000911460435:,Hold'em No Limit,0.02,0.05,EUR,5586,6-max,#5,5,h,7,c,1,shortpez,0.02,areacac,0.05,areacac,SMGVLR_peperonexxx,Megan01,windbuc,rosy71,shortpez
Dollaro,#000911460435:,Hold'em No Limit,0.02,0.05,EUR,5586,6-max,#5,5,h,7,c,1,shortpez,0.02,areacac,0.05,areacac,SMGVLR_peperonexxx,Megan01,windbuc,rosy71,shortpez
Dollaro,#000911460435:,Hold'em No Limit,0.02,0.05,EUR,5586,6-max,#5,5,h,7,c,1,shortpez,0.02,areacac,0.05,areacac,SMGVLR_peperonexxx,Megan01,windbuc,rosy71,shortpez
Dollaro,#000911460435:,Hold'em No Limit,0.02,0.05,EUR,5586,6-max,#5,5,h,7,c,1,shortpez,0.02,areacac,0.05,areacac,SMGVLR_peperonexxx,Megan01,windbuc,rosy71,shortpez
Dollaro,#000911460435:,Hold'em No Limit,0.02,0.05,EUR,5586,6-max,#5,5,h,7,c,1,shortpez,0.02,areacac,0.05,areacac,SMGVLR_peperonexxx,Megan01,windbuc,rosy71,shortpez
Dollaro,#000911460435:,Hold'em No Limit,0.02,0.05,EUR,5586,6-max,#5,5,h,7,c,1,shortpez,0.02,areacac,0.05,areacac,SMGVLR_peperonexxx,Megan01,windbuc,rosy71,shortpez
Dollaro,#000911460435:,Hold'em No Limit,0.02,0.05,EUR,5586,6-max,#5,5,h,7,c,1,shortpez,0.02,areacac,0.05,areacac,SMGVLR_peperonexxx,Megan01,windbuc,rosy71,shortpez
Dollaro,#000911460435:,Hold'em No Limit,0.02,0.05,EUR,5586,6-max,#5,5,h,7,c,1,shortpez,0.02,areacac,0.05,areacac,SMGVLR_peperonexxx,Megan01,windbuc,rosy71,shortpez
Dollaro,#000911460435:,Hold'em No Limit,0.02,0.05,EUR,5586,6-max,#5,5,h,7,c,1,shortpez,0.02,areacac,0.05,areacac,SMGVLR_peperonexxx,Megan01,windbuc,rosy71,shortpez
Dollaro,#000911460435:,Hold'em No Limit,0.02,0.05,EUR,5586,6-max,#5,5,h,7,c,1,shortpez,0.02,areacac,0.05,areacac,SMGVLR_peperonexxx,Megan01,windbuc,rosy71,shortpez
Dollaro,#000911460435:,Hold'em No Limit,0.02,0.05,EUR,5586,6-max,#5,5,h,7,c,1,shortpez,0.02,areacac,0.05,areacac,SMGVLR_peperonexxx,Megan01,windbuc,rosy71,shortpez
Dollaro,#000911460435:,Hold'em No Limit,0.02,0.05,EUR,5586,6-max,#5,5,h,7,c,1,shortpez,0.02,areacac,0.05,areacac,SMGVLR_peperonexxx,Megan01,windbuc,rosy71,shortpez
Dollaro,#000911460435:,Hold'em No Limit,0.02,0.05,EUR,5586,6-max,#5,5,h,7,c,1,shortpez,0.02,areacac,0.05,areacac,SMGVLR_peperonexxx,Megan01,windbuc,rosy71,shortpez
Dollaro,#000911460435:,Hold'em No Limit,0.02,0.05,EUR,5586,6-max,#5,5,h,7,c,1,shortpez,0.02,areacac,0.05,areacac,SMGVLR_peperonexxx,Megan01,windbuc,rosy71,shortpez
Dollaro,#000911460468:,Hold'em No Limit,0.02,0.05,EUR,5586,6-max,#6,9,d,6,c,1,areacac,0.02,SMGVLR_peperonexxx,0.05,areacac,SMGVLR_peperonexxx,Megan01,windbuc,rosy71,shortpez
Dollaro,#000911460468:,Hold'em No Limit,0.02,0.05,EUR,5586,6-max,#6,9,d,6,c,1,areacac,0.02,SMGVLR_peperonexxx,0.05,areacac,SMGVLR_peperonexxx,Megan01,windbuc,rosy71,shortpez
Dollaro,#000911460468:,Hold'em No Limit,0.02,0.05,EUR,5586,6-max,#6,9,d,6,c,1,areacac,0.02,SMGVLR_peperonexxx,0.05,areacac,SMGVLR_peperonexxx,Megan01,windbuc,rosy71,shortpez
Dollaro,#000911460468:,Hold'em No Limit,0.02,0.05,EUR,5586,6-max,#6,9,d,6,c,1,areacac,0.02,SMGVLR_peperonexxx,0.05,areacac,SMGVLR_peperonexxx,Megan01,windbuc,rosy71,shortpez
Dollaro,#000911460468:,Hold'em No Limit,0.02,0.05,EUR,5586,6-max,#6,9,d,6,c,1,areacac,0.02,SMGVLR_peperonexxx,0.05,areacac,SMGVLR_peperonexxx,Megan01,windbuc,rosy71,shortpez
Dollaro,#000911460468:,Hold'em No Limit,0.02,0.05,EUR,5586,6-max,#6,9,d,6,c,1,areacac,0.02,SMGVLR_peperonexxx,0.05,areacac,SMGVLR_peperonexxx,Megan01,windbuc,rosy71,shortpez
Dollaro,#000911460468:,Hold'em No Limit,0.02,0.05,EUR,5586,6-max,#6,9,d,6,c,1,areacac,0.02,SMGVLR_peperonexxx,0.05,areacac,SMGVLR_peperonexxx,Megan01,windbuc,rosy71,shortpez
Dollaro,#000911460468:,Hold'em No Limit,0.02,0.05,EUR,5586,6-max,#6,9,d,6,c,1,areacac,0.02,SMGVLR_peperonexxx,0.05,areacac,SMGVLR_peperonexxx,Megan01,windbuc,rosy71,shortpez
Dollaro,#000911460468:,Hold'em No Limit,0.02,0.05,EUR,5586,6-max,#6,9,d,6,c,1,areacac,0.02,SMGVLR_peperonexxx,0.05,areacac,SMGVLR_peperonexxx,Megan01,windbuc,rosy71,shortpez
Dollaro,#000911460468:,Hold'em No Limit,0.02,0.05,EUR,5586,6-max,#6,9,d,6,c,1,areacac,0.02,SMGVLR_peperonexxx,0.05,areacac,SMGVLR_peperonexxx,Megan01,windbuc,rosy71,shortpez
Dollaro,#000911460468:,Hold'em No Limit,0.02,0.05,EUR,5586,6-max,#6,9,d,6,c,1,areacac,0.02,SMGVLR_peperonexxx,0.05,areacac,SMGVLR_peperonexxx,Megan01,windbuc,rosy71,shortpez
Dollaro,#000911460468:,Hold'em No Limit,0.02,0.05,EUR,5586,6-max,#6,9,d,6,c,1,areacac,0.02,SMGVLR_peperonexxx,0.05,areacac,SMGVLR_peperonexxx,Megan01,windbuc,rosy71,shortpez
Dollaro,#000911460468:,Hold'em No Limit,0.02,0.05,EUR,5586,6-max,#6,9,d,6,c,1,areacac,0.02,SMGVLR_peperonexxx,0.05,areacac,SMGVLR_peperonexxx,Megan01,windbuc,rosy71,shortpez
Dollaro,#000911460468:,Hold'em No Limit,0.02,0.05,EUR,5586,6-max,#6,9,d,6,c,1,areacac,0.02,SMGVLR_peperonexxx,0.05,areacac,SMGVLR_peperonexxx,Megan01,windbuc,rosy71,shortpez
Dollaro,#000911460468:,Hold'em No Limit,0.02,0.05,EUR,5586,6-max,#6,9,d,6,c,1,areacac,0.02,SMGVLR_peperonexxx,0.05,areacac,SMGVLR_peperonexxx,Megan01,windbuc,rosy71,shortpez
Dollaro,#000911460468:,Hold'em No Limit,0.02,0.05,EUR,5586,6-max,#6,9,d,6,c,1,areacac,0.02,SMGVLR_peperonexxx,0.05,areacac,SMGVLR_peperonexxx,Megan01,windbuc,rosy71,shortpez
Dollaro,#000911460468:,Hold'em No Limit,0.02,0.05,EUR,5586,6-max,#6,9,d,6,c,1,areacac,0.02,SMGVLR_peperonexxx,0.05,areacac,SMGVLR_peperonexxx,Megan01,windbuc,rosy71,shortpez
Dollaro,#000911460524:,Hold'em No Limit,0.02,0.05,EUR,5586,6-max,#1,9,h,K,c,1,SMGVLR_peperonexxx,0.02,Megan01,0.05,areacac,SMGVLR_peperonexxx,Megan01,windbuc,rosy71,shortpez
Dollaro,#000911460524:,Hold'em No Limit,0.02,0.05,EUR,5586,6-max,#1,9,h,K,c,1,SMGVLR_peperonexxx,0.02,Megan01,0.05,areacac,SMGVLR_peperonexxx,Megan01,windbuc,rosy71,shortpez
Dollaro,#000911460524:,Hold'em No Limit,0.02,0.05,EUR,5586,6-max,#1,9,h,K,c,1,SMGVLR_peperonexxx,0.02,Megan01,0.05,areacac,SMGVLR_peperonexxx,Megan01,windbuc,rosy71,shortpez
Dollaro,#000911460524:,Hold'em No Limit,0.02,0.05,EUR,5586,6-max,#1,9,h,K,c,1,SMGVLR_peperonexxx,0.02,Megan01,0.05,areacac,SMGVLR_peperonexxx,Megan01,windbuc,rosy71,shortpez
Dollaro,#000911460524:,Hold'em No Limit,0.02,0.05,EUR,5586,6-max,#1,9,h,K,c,1,SMGVLR_peperonexxx,0.02,Megan01,0.05,areacac,SMGVLR_peperonexxx,Megan01,windbuc,rosy71,shortpez
Dollaro,#000911460524:,Hold'em No Limit,0.02,0.05,EUR,5586,6-max,#1,9,h,K,c,1,SMGVLR_peperonexxx,0.02,Megan01,0.05,areacac,SMGVLR_peperonexxx,Megan01,windbuc,rosy71,shortpez
Dollaro,#000911460524:,Hold'em No Limit,0.02,0.05,EUR,5586,6-max,#1,9,h,K,c,1,SMGVLR_peperonexxx,0.02,Megan01,0.05,areacac,SMGVLR_peperonexxx,Megan01,windbuc,rosy71,shortpez
Dollaro,#000911460524:,Hold'em No Limit,0.02,0.05,EUR,5586,6-max,#1,9,h,K,c,1,SMGVLR_peperonexxx,0.02,Megan01,0.05,areacac,SMGVLR_peperonexxx,Megan01,windbuc,rosy71,shortpez
Dollaro,#000911460524:,Hold'em No Limit,0.02,0.05,EUR,5586,6-max,#1,9,h,K,c,1,SMGVLR_peperonexxx,0.02,Megan01,0.05,areacac,SMGVLR_peperonexxx,Megan01,windbuc,rosy71,shortpez
Dollaro,#000911460552:,Hold'em No Limit,0.02,0.05,EUR,5586,6-max,#2,9,s,5,d,1,Megan01,0.02,windbuc,0.05,areacac,SMGVLR_peperonexxx,Megan01,windbuc,rosy71,shortpez
Dollaro,#000911460552:,Hold'em No Limit,0.02,0.05,EUR,5586,6-max,#2,9,s,5,d,1,Megan01,0.02,windbuc,0.05,areacac,SMGVLR_peperonexxx,Megan01,windbuc,rosy71,shortpez
Dollaro,#000911460552:,Hold'em No Limit,0.02,0.05,EUR,5586,6-max,#2,9,s,5,d,1,Megan01,0.02,windbuc,0.05,areacac,SMGVLR_peperonexxx,Megan01,windbuc,rosy71,shortpez
Dollaro,#000911460552:,Hold'em No Limit,0.02,0.05,EUR,5586,6-max,#2,9,s,5,d,1,Megan01,0.02,windbuc,0.05,areacac,SMGVLR_peperonexxx,Megan01,windbuc,rosy71,shortpez
Dollaro,#000911460552:,Hold'em No Limit,0.02,0.05,EUR,5586,6-max,#2,9,s,5,d,1,Megan01,0.02,windbuc,0.05,areacac,SMGVLR_peperonexxx,Megan01,windbuc,rosy71,shortpez
Dollaro,#000911460552:,Hold'em No Limit,0.02,0.05,EUR,5586,6-max,#2,9,s,5,d,1,Megan01,0.02,windbuc,0.05,areacac,SMGVLR_peperonexxx,Megan01,windbuc,rosy71,shortpez
Dollaro,#000911460552:,Hold'em No Limit,0.02,0.05,EUR,5586,6-max,#2,9,s,5,d,1,Megan01,0.02,windbuc,0.05,areacac,SMGVLR_peperonexxx,Megan01,windbuc,rosy71,shortpez
Dollaro,#000911460552:,Hold'em No Limit,0.02,0.05,EUR,5586,6-max,#2,9,s,5,d,1,Megan01,0.02,windbuc,0.05,areacac,SMGVLR_peperonexxx,Megan01,windbuc,rosy71,shortpez
Dollaro,#000911460552:,Hold'em No Limit,0.02,0.05,EUR,5586,6-max,#2,9,s,5,d,1,Megan01,0.02,windbuc,0.05,areacac,SMGVLR_peperonexxx,Megan01,windbuc,rosy71,shortpez
Dollaro,#000911460552:,Hold'em No Limit,0.02,0.05,EUR,5586,6-max,#2,9,s,5,d,1,Megan01,0.02,windbuc,0.05,areacac,SMGVLR_peperonexxx,Megan01,windbuc,rosy71,shortpez
Dollaro,#000911460552:,Hold'em No Limit,0.02,0.05,EUR,5586,6-max,#2,9,s,5,d,1,Megan01,0.02,windbuc,0.05,areacac,SMGVLR_peperonexxx,Megan01,windbuc,rosy71,shortpez
Dollaro,#000911460600:,Hold'em No Limit,0.02,0.05,EUR,5586,6-max,#3,8,d,A,c,1,windbuc,0.02,rosy71,0.05,areacac,SMGVLR_peperonexxx,Megan01,windbuc,rosy71,shortpez
Dollaro,#000911460600:,Hold'em No Limit,0.02,0.05,EUR,5586,6-max,#3,8,d,A,c,1,windbuc,0.02,rosy71,0.05,areacac,SMGVLR_peperonexxx,Megan01,windbuc,rosy71,shortpez
Dollaro,#000911460600:,Hold'em No Limit,0.02,0.05,EUR,5586,6-max,#3,8,d,A,c,1,windbuc,0.02,rosy71,0.05,areacac,SMGVLR_peperonexxx,Megan01,windbuc,rosy71,shortpez
Dollaro,#000911460600:,Hold'em No Limit,0.02,0.05,EUR,5586,6-max,#3,8,d,A,c,1,windbuc,0.02,rosy71,0.05,areacac,SMGVLR_peperonexxx,Megan01,windbuc,rosy71,shortpez
Dollaro,#000911460600:,Hold'em No Limit,0.02,0.05,EUR,5586,6-max,#3,8,d,A,c,1,windbuc,0.02,rosy71,0.05,areacac,SMGVLR_peperonexxx,Megan01,windbuc,rosy71,shortpez
Dollaro,#000911460600:,Hold'em No Limit,0.02,0.05,EUR,5586,6-max,#3,8,d,A,c,1,windbuc,0.02,rosy71,0.05,areacac,SMGVLR_peperonexxx,Megan01,windbuc,rosy71,shortpez
Dollaro,#000911460600:,Hold'em No Limit,0.02,0.05,EUR,5586,6-max,#3,8,d,A,c,1,windbuc,0.02,rosy71,0.05,areacac,SMGVLR_peperonexxx,Megan01,windbuc,rosy71,shortpez
Dollaro,#000911460600:,Hold'em No Limit,0.02,0.05,EUR,5586,6-max,#3,8,d,A,c,1,windbuc,0.02,rosy71,0.05,areacac,SMGVLR_peperonexxx,Megan01,windbuc,rosy71,shortpez
Dollaro,#000911460600:,Hold'em No Limit,0.02,0.05,EUR,5586,6-max,#3,8,d,A,c,1,windbuc,0.02,rosy71,0.05,areacac,SMGVLR_peperonexxx,Megan01,windbuc,rosy71,shortpez
Dollaro,#000911460642:,Hold'em No Limit,0.02,0.05,EUR,5586,6-max,#4,5,s,Q,d,1,rosy71,0.02,shortpez,0.05,areacac,SMGVLR_peperonexxx,Megan01,windbuc,rosy71,shortpez
Dollaro,#000911460642:,Hold'em No Limit,0.02,0.05,EUR,5586,6-max,#4,5,s,Q,d,1,rosy71,0.02,shortpez,0.05,areacac,SMGVLR_peperonexxx,Megan01,windbuc,rosy71,shortpez
Dollaro,#000911460642:,Hold'em No Limit,0.02,0.05,EUR,5586,6-max,#4,5,s,Q,d,1,rosy71,0.02,shortpez,0.05,areacac,SMGVLR_peperonexxx,Megan01,windbuc,rosy71,shortpez
Dollaro,#000911460642:,Hold'em No Limit,0.02,0.05,EUR,5586,6-max,#4,5,s,Q,d,1,rosy71,0.02,shortpez,0.05,areacac,SMGVLR_peperonexxx,Megan01,windbuc,rosy71,shortpez
Dollaro,#000911460642:,Hold'em No Limit,0.02,0.05,EUR,5586,6-max,#4,5,s,Q,d,1,rosy71,0.02,shortpez,0.05,areacac,SMGVLR_peperonexxx,Megan01,windbuc,rosy71,shortpez
Dollaro,#000911460642:,Hold'em No Limit,0.02,0.05,EUR,5586,6-max,#4,5,s,Q,d,1,rosy71,0.02,shortpez,0.05,areacac,SMGVLR_peperonexxx,Megan01,windbuc,rosy71,shortpez
Dollaro,#000911460642:,Hold'em No Limit,0.02,0.05,EUR,5586,6-max,#4,5,s,Q,d,1,rosy71,0.02,shortpez,0.05,areacac,SMGVLR_peperonexxx,Megan01,windbuc,rosy71,shortpez
Dollaro,#000911460642:,Hold'em No Limit,0.02,0.05,EUR,5586,6-max,#4,5,s,Q,d,1,rosy71,0.02,shortpez,0.05,areacac,SMGVLR_peperonexxx,Megan01,windbuc,rosy71,shortpez
Dollaro,#000911460642:,Hold'em No Limit,0.02,0.05,EUR,5586,6-max,#4,5,s,Q,d,1,rosy71,0.02,shortpez,0.05,areacac,SMGVLR_peperonexxx,Megan01,windbuc,rosy71,shortpez
Dollaro,#000911460642:,Hold'em No Limit,0.02,0.05,EUR,5586,6-max,#4,5,s,Q,d,1,rosy71,0.02,shortpez,0.05,areacac,SMGVLR_peperonexxx,Megan01,windbuc,rosy71,shortpez
Dollaro,#000911460642:,Hold'em No Limit,0.02,0.05,EUR,5586,6-max,#4,5,s,Q,d,1,rosy71,0.02,shortpez,0.05,areacac,SMGVLR_peperonexxx,Megan01,windbuc,rosy71,shortpez
Dollaro,#000911460642:,Hold'em No Limit,0.02,0.05,EUR,5586,6-max,#4,5,s,Q,d,1,rosy71,0.02,shortpez,0.05,areacac,SMGVLR_peperonexxx,Megan01,windbuc,rosy71,shortpez
Dollaro,#000911460642:,Hold'em No Limit,0.02,0.05,EUR,5586,6-max,#4,5,s,Q,d,1,rosy71,0.02,shortpez,0.05,areacac,SMGVLR_peperonexxx,Megan01,windbuc,rosy71,shortpez
Dollaro,#000911460642:,Hold'em No Limit,0.02,0.05,EUR,5586,6-max,#4,5,s,Q,d,1,rosy71,0.02,shortpez,0.05,areacac,SMGVLR_peperonexxx,Megan01,windbuc,rosy71,shortpez
Dollaro,#000911460642:,Hold'em No Limit,0.02,0.05,EUR,5586,6-max,#4,5,s,Q,d,1,rosy71,0.02,shortpez,0.05,areacac,SMGVLR_peperonexxx,Megan01,windbuc,rosy71,shortpez
Dollaro,#000911460642:,Hold'em No Limit,0.02,0.05,EUR,5586,6-max,#4,5,s,Q,d,1,rosy71,0.02,shortpez,0.05,areacac,SMGVLR_peperonexxx,Megan01,windbuc,rosy71,shortpez
Dollaro,#000911460685:,Hold'em No Limit,0.02,0.05,EUR,5586,6-max,#5,6,h,T,d,1,shortpez,0.02,areacac,0.05,areacac,SMGVLR_peperonexxx,Megan01,windbuc,rosy71,shortpez
Dollaro,#000911460685:,Hold'em No Limit,0.02,0.05,EUR,5586,6-max,#5,6,h,T,d,1,shortpez,0.02,areacac,0.05,areacac,SMGVLR_peperonexxx,Megan01,windbuc,rosy71,shortpez
Dollaro,#000911460685:,Hold'em No Limit,0.02,0.05,EUR,5586,6-max,#5,6,h,T,d,1,shortpez,0.02,areacac,0.05,areacac,SMGVLR_peperonexxx,Megan01,windbuc,rosy71,shortpez
Dollaro,#000911460685:,Hold'em No Limit,0.02,0.05,EUR,5586,6-max,#5,6,h,T,d,1,shortpez,0.02,areacac,0.05,areacac,SMGVLR_peperonexxx,Megan01,windbuc,rosy71,shortpez
Dollaro,#000911460685:,Hold'em No Limit,0.02,0.05,EUR,5586,6-max,#5,6,h,T,d,1,shortpez,0.02,areacac,0.05,areacac,SMGVLR_peperonexxx,Megan01,windbuc,rosy71,shortpez
Dollaro,#000911460685:,Hold'em No Limit,0.02,0.05,EUR,5586,6-max,#5,6,h,T,d,1,shortpez,0.02,areacac,0.05,areacac,SMGVLR_peperonexxx,Megan01,windbuc,rosy71,shortpez
Dollaro,#000911460685:,Hold'em No Limit,0.02,0.05,EUR,5586,6-max,#5,6,h,T,d,1,shortpez,0.02,areacac,0.05,areacac,SMGVLR_peperonexxx,Megan01,windbuc,rosy71,shortpez
Dollaro,#000911460685:,Hold'em No Limit,0.02,0.05,EUR,5586,6-max,#5,6,h,T,d,1,shortpez,0.02,areacac,0.05,areacac,SMGVLR_peperonexxx,Megan01,windbuc,rosy71,shortpez
Dollaro,#000911460685:,Hold'em No Limit,0.02,0.05,EUR,5586,6-max,#5,6,h,T,d,1,shortpez,0.02,areacac,0.05,areacac,SMGVLR_peperonexxx,Megan01,windbuc,rosy71,shortpez
Dollaro,#000911460685:,Hold'em No Limit,0.02,0.05,EUR,5586,6-max,#5,6,h,T,d,1,shortpez,0.02,areacac,0.05,areacac,SMGVLR_peperonexxx,Megan01,windbuc,rosy71,shortpez
Dollaro,#000911460685:,Hold'em No Limit,0.02,0.05,EUR,5586,6-max,#5,6,h,T,d,1,shortpez,0.02,areacac,0.05,areacac,SMGVLR_peperonexxx,Megan01,windbuc,rosy71,shortpez
Dollaro,#000911460685:,Hold'em No Limit,0.02,0.05,EUR,5586,6-max,#5,6,h,T,d,1,shortpez,0.02,areacac,0.05,areacac,SMGVLR_peperonexxx,Megan01,windbuc,rosy71,shortpez
Dollaro,#000911460685:,Hold'em No Limit,0.02,0.05,EUR,5586,6-max,#5,6,h,T,d,1,shortpez,0.02,areacac,0.05,areacac,SMGVLR_peperonexxx,Megan01,windbuc,rosy71,shortpez
Dollaro,#000911460685:,Hold'em No Limit,0.02,0.05,EUR,5586,6-max,#5,6,h,T,d,1,shortpez,0.02,areacac,0.05,areacac,SMGVLR_peperonexxx,Megan01,windbuc,rosy71,shortpez
Dollaro,#000911460725:,Hold'em No Limit,0.02,0.05,EUR,5586,6-max,#6,3,s,3,h,1,areacac,0.02,SMGVLR_peperonexxx,0.05,areacac,SMGVLR_peperonexxx,Megan01,windbuc,rosy71,shortpez
Dollaro,#000911460725:,Hold'em No Limit,0.02,0.05,EUR,5586,6-max,#6,3,s,3,h,1,areacac,0.02,SMGVLR_peperonexxx,0.05,areacac,SMGVLR_peperonexxx,Megan01,windbuc,rosy71,shortpez
Dollaro,#000911460725:,Hold'em No Limit,0.02,0.05,EUR,5586,6-max,#6,3,s,3,h,1,areacac,0.02,SMGVLR_peperonexxx,0.05,areacac,SMGVLR_peperonexxx,Megan01,windbuc,rosy71,shortpez
Dollaro,#000911460725:,Hold'em No Limit,0.02,0.05,EUR,5586,6-max,#6,3,s,3,h,1,areacac,0.02,SMGVLR_peperonexxx,0.05,areacac,SMGVLR_peperonexxx,Megan01,windbuc,rosy71,shortpez
Dollaro,#000911460725:,Hold'em No Limit,0.02,0.05,EUR,5586,6-max,#6,3,s,3,h,1,areacac,0.02,SMGVLR_peperonexxx,0.05,areacac,SMGVLR_peperonexxx,Megan01,windbuc,rosy71,shortpez
Dollaro,#000911460725:,Hold'em No Limit,0.02,0.05,EUR,5586,6-max,#6,3,s,3,h,1,areacac,0.02,SMGVLR_peperonexxx,0.05,areacac,SMGVLR_peperonexxx,Megan01,windbuc,rosy71,shortpez
Dollaro,#000911460725:,Hold'em No Limit,0.02,0.05,EUR,5586,6-max,#6,3,s,3,h,1,areacac,0.02,SMGVLR_peperonexxx,0.05,areacac,SMGVLR_peperonexxx,Megan01,windbuc,rosy71,shortpez
Dollaro,#000911460725:,Hold'em No Limit,0.02,0.05,EUR,5586,6-max,#6,3,s,3,h,1,areacac,0.02,SMGVLR_peperonexxx,0.05,areacac,SMGVLR_peperonexxx,Megan01,windbuc,rosy71,shortpez
Dollaro,#000911460725:,Hold'em No Limit,0.02,0.05,EUR,5586,6-max,#6,3,s,3,h,1,areacac,0.02,SMGVLR_peperonexxx,0.05,areacac,SMGVLR_peperonexxx,Megan01,windbuc,rosy71,shortpez
Dollaro,#000911460725:,Hold'em No Limit,0.02,0.05,EUR,5586,6-max,#6,3,s,3,h,1,areacac,0.02,SMGVLR_peperonexxx,0.05,areacac,SMGVLR_peperonexxx,Megan01,windbuc,rosy71,shortpez
Dollaro,#000911460725:,Hold'em No Limit,0.02,0.05,EUR,5586,6-max,#6,3,s,3,h,1,areacac,0.02,SMGVLR_peperonexxx,0.05,areacac,SMGVLR_peperonexxx,Megan01,windbuc,rosy71,shortpez
Dollaro,#000911460725:,Hold'em No Limit,0.02,0.05,EUR,5586,6-max,#6,3,s,3,h,1,areacac,0.02,SMGVLR_peperonexxx,0.05,areacac,SMGVLR_peperonexxx,Megan01,windbuc,rosy71,shortpez
Dollaro,#000911460725:,Hold'em No Limit,0.02,0.05,EUR,5586,6-max,#6,3,s,3,h,1,areacac,0.02,SMGVLR_peperonexxx,0.05,areacac,SMGVLR_peperonexxx,Megan01,windbuc,rosy71,shortpez
Dollaro,#000911460725:,Hold'em No Limit,0.02,0.05,EUR,5586,6-max,#6,3,s,3,h,1,areacac,0.02,SMGVLR_peperonexxx,0.05,areacac,SMGVLR_peperonexxx,Megan01,windbuc,rosy71,shortpez
Dollaro,#000911460725:,Hold'em No Limit,0.02,0.05,EUR,5586,6-max,#6,3,s,3,h,1,areacac,0.02,SMGVLR_peperonexxx,0.05,areacac,SMGVLR_peperonexxx,Megan01,windbuc,rosy71,shortpez
Dollaro,#000911460725:,Hold'em No Limit,0.02,0.05,EUR,5586,6-max,#6,3,s,3,h,1,areacac,0.02,SMGVLR_peperonexxx,0.05,areacac,SMGVLR_peperonexxx,Megan01,windbuc,rosy71,shortpez
Dollaro,#000911460725:,Hold'em No Limit,0.02,0.05,EUR,5586,6-max,#6,3,s,3,h,1,areacac,0.02,SMGVLR_peperonexxx,0.05,areacac,SMGVLR_peperonexxx,Megan01,windbuc,rosy71,shortpez
Dollaro,#000911460725:,Hold'em No Limit,0.02,0.05,EUR,5586,6-max,#6,3,s,3,h,1,areacac,0.02,SMGVLR_peperonexxx,0.05,areacac,SMGVLR_peperonexxx,Megan01,windbuc,rosy71,shortpez
Dollaro,#000911460788:,Hold'em No Limit,0.02,0.05,EUR,5586,6-max,#1,8,s,J,h,1,SMGVLR_peperonexxx,0.02,Megan01,0.05,areacac,SMGVLR_peperonexxx,Megan01,windbuc,rosy71,shortpez
Dollaro,#000911460788:,Hold'em No Limit,0.02,0.05,EUR,5586,6-max,#1,8,s,J,h,1,SMGVLR_peperonexxx,0.02,Megan01,0.05,areacac,SMGVLR_peperonexxx,Megan01,windbuc,rosy71,shortpez
Dollaro,#000911460788:,Hold'em No Limit,0.02,0.05,EUR,5586,6-max,#1,8,s,J,h,1,SMGVLR_peperonexxx,0.02,Megan01,0.05,areacac,SMGVLR_peperonexxx,Megan01,windbuc,rosy71,shortpez
Dollaro,#000911460788:,Hold'em No Limit,0.02,0.05,EUR,5586,6-max,#1,8,s,J,h,1,SMGVLR_peperonexxx,0.02,Megan01,0.05,areacac,SMGVLR_peperonexxx,Megan01,windbuc,rosy71,shortpez
Dollaro,#000911460788:,Hold'em No Limit,0.02,0.05,EUR,5586,6-max,#1,8,s,J,h,1,SMGVLR_peperonexxx,0.02,Megan01,0.05,areacac,SMGVLR_peperonexxx,Megan01,windbuc,rosy71,shortpez
Dollaro,#000911460788:,Hold'em No Limit,0.02,0.05,EUR,5586,6-max,#1,8,s,J,h,1,SMGVLR_peperonexxx,0.02,Megan01,0.05,areacac,SMGVLR_peperonexxx,Megan01,windbuc,rosy71,shortpez
Dollaro,#000911460788:,Hold'em No Limit,0.02,0.05,EUR,5586,6-max,#1,8,s,J,h,1,SMGVLR_peperonexxx,0.02,Megan01,0.05,areacac,SMGVLR_peperonexxx,Megan01,windbuc,rosy71,shortpez
Dollaro,#000911460788:,Hold'em No Limit,0.02,0.05,EUR,5586,6-max,#1,8,s,J,h,1,SMGVLR_peperonexxx,0.02,Megan01,0.05,areacac,SMGVLR_peperonexxx,Megan01,windbuc,rosy71,shortpez
Dollaro,#000911460788:,Hold'em No Limit,0.02,0.05,EUR,5586,6-max,#1,8,s,J,h,1,SMGVLR_peperonexxx,0.02,Megan01,0.05,areacac,SMGVLR_peperonexxx,Megan01,windbuc,rosy71,shortpez
Dollaro,#000911460788:,Hold'em No Limit,0.02,0.05,EUR,5586,6-max,#1,8,s,J,h,1,SMGVLR_peperonexxx,0.02,Megan01,0.05,areacac,SMGVLR_peperonexxx,Megan01,windbuc,rosy71,shortpez
Dollaro,#000911460788:,Hold'em No Limit,0.02,0.05,EUR,5586,6-max,#1,8,s,J,h,1,SMGVLR_peperonexxx,0.02,Megan01,0.05,areacac,SMGVLR_peperonexxx,Megan01,windbuc,rosy71,shortpez
Dollaro,#000911460788:,Hold'em No Limit,0.02,0.05,EUR,5586,6-max,#1,8,s,J,h,1,SMGVLR_peperonexxx,0.02,Megan01,0.05,areacac,SMGVLR_peperonexxx,Megan01,windbuc,rosy71,shortpez
Dollaro,#000911460788:,Hold'em No Limit,0.02,0.05,EUR,5586,6-max,#1,8,s,J,h,1,SMGVLR_peperonexxx,0.02,Megan01,0.05,areacac,SMGVLR_peperonexxx,Megan01,windbuc,rosy71,shortpez
Dollaro,#000911460788:,Hold'em No Limit,0.02,0.05,EUR,5586,6-max,#1,8,s,J,h,1,SMGVLR_peperonexxx,0.02,Megan01,0.05,areacac,SMGVLR_peperonexxx,Megan01,windbuc,rosy71,shortpez
Dollaro,#000911460788:,Hold'em No Limit,0.02,0.05,EUR,5586,6-max,#1,8,s,J,h,1,SMGVLR_peperonexxx,0.02,Megan01,0.05,areacac,SMGVLR_peperonexxx,Megan01,windbuc,rosy71,shortpez
Dollaro,#000911460788:,Hold'em No Limit,0.02,0.05,EUR,5586,6-max,#1,8,s,J,h,1,SMGVLR_peperonexxx,0.02,Megan01,0.05,areacac,SMGVLR_peperonexxx,Megan01,windbuc,rosy71,shortpez
Dollaro,#000911460867:,Hold'em No Limit,0.02,0.05,EUR,5586,6-max,#2,6,h,9,d,1,Megan01,0.02,windbuc,0.05,areacac,SMGVLR_peperonexxx,Megan01,windbuc,rosy71,shortpez
Dollaro,#000911460867:,Hold'em No Limit,0.02,0.05,EUR,5586,6-max,#2,6,h,9,d,1,Megan01,0.02,windbuc,0.05,areacac,SMGVLR_peperonexxx,Megan01,windbuc,rosy71,shortpez
Dollaro,#000911460867:,Hold'em No Limit,0.02,0.05,EUR,5586,6-max,#2,6,h,9,d,1,Megan01,0.02,windbuc,0.05,areacac,SMGVLR_peperonexxx,Megan01,windbuc,rosy71,shortpez
Dollaro,#000911460867:,Hold'em No Limit,0.02,0.05,EUR,5586,6-max,#2,6,h,9,d,1,Megan01,0.02,windbuc,0.05,areacac,SMGVLR_peperonexxx,Megan01,windbuc,rosy71,shortpez
Dollaro,#000911460867:,Hold'em No Limit,0.02,0.05,EUR,5586,6-max,#2,6,h,9,d,1,Megan01,0.02,windbuc,0.05,areacac,SMGVLR_peperonexxx,Megan01,windbuc,rosy71,shortpez
Dollaro,#000911460867:,Hold'em No Limit,0.02,0.05,EUR,5586,6-max,#2,6,h,9,d,1,Megan01,0.02,windbuc,0.05,areacac,SMGVLR_peperonexxx,Megan01,windbuc,rosy71,shortpez
Dollaro,#000911460867:,Hold'em No Limit,0.02,0.05,EUR,5586,6-max,#2,6,h,9,d,1,Megan01,0.02,windbuc,0.05,areacac,SMGVLR_peperonexxx,Megan01,windbuc,rosy71,shortpez
Dollaro,#000911460867:,Hold'em No Limit,0.02,0.05,EUR,5586,6-max,#2,6,h,9,d,1,Megan01,0.02,windbuc,0.05,areacac,SMGVLR_peperonexxx,Megan01,windbuc,rosy71,shortpez
Dollaro,#000911460867:,Hold'em No Limit,0.02,0.05,EUR,5586,6-max,#2,6,h,9,d,1,Megan01,0.02,windbuc,0.05,areacac,SMGVLR_peperonexxx,Megan01,windbuc,rosy71,shortpez
Dollaro,#000911460867:,Hold'em No Limit,0.02,0.05,EUR,5586,6-max,#2,6,h,9,d,1,Megan01,0.02,windbuc,0.05,areacac,SMGVLR_peperonexxx,Megan01,windbuc,rosy71,shortpez
Dollaro,#000911460867:,Hold'em No Limit,0.02,0.05,EUR,5586,6-max,#2,6,h,9,d,1,Megan01,0.02,windbuc,0.05,areacac,SMGVLR_peperonexxx,Megan01,windbuc,rosy71,shortpez
Dollaro,#000911460867:,Hold'em No Limit,0.02,0.05,EUR,5586,6-max,#2,6,h,9,d,1,Megan01,0.02,windbuc,0.05,areacac,SMGVLR_peperonexxx,Megan01,windbuc,rosy71,shortpez
Dollaro,#000911460867:,Hold'em No Limit,0.02,0.05,EUR,5586,6-max,#2,6,h,9,d,1,Megan01,0.02,windbuc,0.05,areacac,SMGVLR_peperonexxx,Megan01,windbuc,rosy71,shortpez
Dollaro,#000911460867:,Hold'em No Limit,0.02,0.05,EUR,5586,6-max,#2,6,h,9,d,1,Megan01,0.02,windbuc,0.05,areacac,SMGVLR_peperonexxx,Megan01,windbuc,rosy71,shortpez
Dollaro,#000911460918:,Hold'em No Limit,0.02,0.05,EUR,5586,6-max,#3,K,c,4,c,1,windbuc,0.02,rosy71,0.05,areacac,SMGVLR_peperonexxx,Megan01,windbuc,rosy71,shortpez
Dollaro,#000911460918:,Hold'em No Limit,0.02,0.05,EUR,5586,6-max,#3,K,c,4,c,1,windbuc,0.02,rosy71,0.05,areacac,SMGVLR_peperonexxx,Megan01,windbuc,rosy71,shortpez
Dollaro,#000911460918:,Hold'em No Limit,0.02,0.05,EUR,5586,6-max,#3,K,c,4,c,1,windbuc,0.02,rosy71,0.05,areacac,SMGVLR_peperonexxx,Megan01,windbuc,rosy71,shortpez
Dollaro,#000911460918:,Hold'em No Limit,0.02,0.05,EUR,5586,6-max,#3,K,c,4,c,1,windbuc,0.02,rosy71,0.05,areacac,SMGVLR_peperonexxx,Megan01,windbuc,rosy71,shortpez
Dollaro,#000911460918:,Hold'em No Limit,0.02,0.05,EUR,5586,6-max,#3,K,c,4,c,1,windbuc,0.02,rosy71,0.05,areacac,SMGVLR_peperonexxx,Megan01,windbuc,rosy71,shortpez
Dollaro,#000911460918:,Hold'em No Limit,0.02,0.05,EUR,5586,6-max,#3,K,c,4,c,1,windbuc,0.02,rosy71,0.05,areacac,SMGVLR_peperonexxx,Megan01,windbuc,rosy71,shortpez
Dollaro,#000911460918:,Hold'em No Limit,0.02,0.05,EUR,5586,6-max,#3,K,c,4,c,1,windbuc,0.02,rosy71,0.05,areacac,SMGVLR_peperonexxx,Megan01,windbuc,rosy71,shortpez
Dollaro,#000911460918:,Hold'em No Limit,0.02,0.05,EUR,5586,6-max,#3,K,c,4,c,1,windbuc,0.02,rosy71,0.05,areacac,SMGVLR_peperonexxx,Megan01,windbuc,rosy71,shortpez
Dollaro,#000911460918:,Hold'em No Limit,0.02,0.05,EUR,5586,6-max,#3,K,c,4,c,1,windbuc,0.02,rosy71,0.05,areacac,SMGVLR_peperonexxx,Megan01,windbuc,rosy71,shortpez
Dollaro,#000911460956:,Hold'em No Limit,0.02,0.05,EUR,5586,6-max,#4,3,s,6,c,1,rosy71,0.02,shortpez,0.05,areacac,SMGVLR_peperonexxx,Megan01,windbuc,rosy71,shortpez
Dollaro,#000911460956:,Hold'em No Limit,0.02,0.05,EUR,5586,6-max,#4,3,s,6,c,1,rosy71,0.02,shortpez,0.05,areacac,SMGVLR_peperonexxx,Megan01,windbuc,rosy71,shortpez
Dollaro,#000911460956:,Hold'em No Limit,0.02,0.05,EUR,5586,6-max,#4,3,s,6,c,1,rosy71,0.02,shortpez,0.05,areacac,SMGVLR_peperonexxx,Megan01,windbuc,rosy71,shortpez
Dollaro,#000911460956:,Hold'em No Limit,0.02,0.05,EUR,5586,6-max,#4,3,s,6,c,1,rosy71,0.02,shortpez,0.05,areacac,SMGVLR_peperonexxx,Megan01,windbuc,rosy71,shortpez
Dollaro,#000911460956:,Hold'em No Limit,0.02,0.05,EUR,5586,6-max,#4,3,s,6,c,1,rosy71,0.02,shortpez,0.05,areacac,SMGVLR_peperonexxx,Megan01,windbuc,rosy71,shortpez
Dollaro,#000911460956:,Hold'em No Limit,0.02,0.05,EUR,5586,6-max,#4,3,s,6,c,1,rosy71,0.02,shortpez,0.05,areacac,SMGVLR_peperonexxx,Megan01,windbuc,rosy71,shortpez
Dollaro,#000911460956:,Hold'em No Limit,0.02,0.05,EUR,5586,6-max,#4,3,s,6,c,1,rosy71,0.02,shortpez,0.05,areacac,SMGVLR_peperonexxx,Megan01,windbuc,rosy71,shortpez
Dollaro,#000911460956:,Hold'em No Limit,0.02,0.05,EUR,5586,6-max,#4,3,s,6,c,1,rosy71,0.02,shortpez,0.05,areacac,SMGVLR_peperonexxx,Megan01,windbuc,rosy71,shortpez
Dollaro,#000911460956:,Hold'em No Limit,0.02,0.05,EUR,5586,6-max,#4,3,s,6,c,1,rosy71,0.02,shortpez,0.05,areacac,SMGVLR_peperonexxx,Megan01,windbuc,rosy71,shortpez
Dollaro,#000911460956:,Hold'em No Limit,0.02,0.05,EUR,5586,6-max,#4,3,s,6,c,1,rosy71,0.02,shortpez,0.05,areacac,SMGVLR_peperonexxx,Megan01,windbuc,rosy71,shortpez
Dollaro,#000911460956:,Hold'em No Limit,0.02,0.05,EUR,5586,6-max,#4,3,s,6,c,1,rosy71,0.02,shortpez,0.05,areacac,SMGVLR_peperonexxx,Megan01,windbuc,rosy71,shortpez
Dollaro,#000911460956:,Hold'em No Limit,0.02,0.05,EUR,5586,6-max,#4,3,s,6,c,1,rosy71,0.02,shortpez,0.05,areacac,SMGVLR_peperonexxx,Megan01,windbuc,rosy71,shortpez
Dollaro,#000911460956:,Hold'em No Limit,0.02,0.05,EUR,5586,6-max,#4,3,s,6,c,1,rosy71,0.02,shortpez,0.05,areacac,SMGVLR_peperonexxx,Megan01,windbuc,rosy71,shortpez
Dollaro,#000911460956:,Hold'em No Limit,0.02,0.05,EUR,5586,6-max,#4,3,s,6,c,1,rosy71,0.02,shortpez,0.05,areacac,SMGVLR_peperonexxx,Megan01,windbuc,rosy71,shortpez
Dollaro,#000911460956:,Hold'em No Limit,0.02,0.05,EUR,5586,6-max,#4,3,s,6,c,1,rosy71,0.02,shortpez,0.05,areacac,SMGVLR_peperonexxx,Megan01,windbuc,rosy71,shortpez
Dollaro,#000911461000:,Hold'em No Limit,0.02,0.05,EUR,5586,6-max,#5,6,h,5,c,1,shortpez,0.02,areacac,0.05,areacac,SMGVLR_peperonexxx,Megan01,windbuc,rosy71,shortpez
Dollaro,#000911461000:,Hold'em No Limit,0.02,0.05,EUR,5586,6-max,#5,6,h,5,c,1,shortpez,0.02,areacac,0.05,areacac,SMGVLR_peperonexxx,Megan01,windbuc,rosy71,shortpez
Dollaro,#000911461000:,Hold'em No Limit,0.02,0.05,EUR,5586,6-max,#5,6,h,5,c,1,shortpez,0.02,areacac,0.05,areacac,SMGVLR_peperonexxx,Megan01,windbuc,rosy71,shortpez
Dollaro,#000911461000:,Hold'em No Limit,0.02,0.05,EUR,5586,6-max,#5,6,h,5,c,1,shortpez,0.02,areacac,0.05,areacac,SMGVLR_peperonexxx,Megan01,windbuc,rosy71,shortpez
Dollaro,#000911461000:,Hold'em No Limit,0.02,0.05,EUR,5586,6-max,#5,6,h,5,c,1,shortpez,0.02,areacac,0.05,areacac,SMGVLR_peperonexxx,Megan01,windbuc,rosy71,shortpez
Dollaro,#000911461000:,Hold'em No Limit,0.02,0.05,EUR,5586,6-max,#5,6,h,5,c,1,shortpez,0.02,areacac,0.05,areacac,SMGVLR_peperonexxx,Megan01,windbuc,rosy71,shortpez
Dollaro,#000911461000:,Hold'em No Limit,0.02,0.05,EUR,5586,6-max,#5,6,h,5,c,1,shortpez,0.02,areacac,0.05,areacac,SMGVLR_peperonexxx,Megan01,windbuc,rosy71,shortpez
Dollaro,#000911461000:,Hold'em No Limit,0.02,0.05,EUR,5586,6-max,#5,6,h,5,c,1,shortpez,0.02,areacac,0.05,areacac,SMGVLR_peperonexxx,Megan01,windbuc,rosy71,shortpez
Dollaro,#000911461000:,Hold'em No Limit,0.02,0.05,EUR,5586,6-max,#5,6,h,5,c,1,shortpez,0.02,areacac,0.05,areacac,SMGVLR_peperonexxx,Megan01,windbuc,rosy71,shortpez
Dollaro,#000911461000:,Hold'em No Limit,0.02,0.05,EUR,5586,6-max,#5,6,h,5,c,1,shortpez,0.02,areacac,0.05,areacac,SMGVLR_peperonexxx,Megan01,windbuc,rosy71,shortpez
Dollaro,#000911461040:,Hold'em No Limit,0.02,0.05,EUR,5586,6-max,#6,J,h,5,d,1,areacac,0.02,SMGVLR_peperonexxx,0.05,areacac,SMGVLR_peperonexxx,Megan01,windbuc,rosy71,shortpez
Dollaro,#000911461040:,Hold'em No Limit,0.02,0.05,EUR,5586,6-max,#6,J,h,5,d,1,areacac,0.02,SMGVLR_peperonexxx,0.05,areacac,SMGVLR_peperonexxx,Megan01,windbuc,rosy71,shortpez
Dollaro,#000911461040:,Hold'em No Limit,0.02,0.05,EUR,5586,6-max,#6,J,h,5,d,1,areacac,0.02,SMGVLR_peperonexxx,0.05,areacac,SMGVLR_peperonexxx,Megan01,windbuc,rosy71,shortpez
Dollaro,#000911461040:,Hold'em No Limit,0.02,0.05,EUR,5586,6-max,#6,J,h,5,d,1,areacac,0.02,SMGVLR_peperonexxx,0.05,areacac,SMGVLR_peperonexxx,Megan01,windbuc,rosy71,shortpez
Dollaro,#000911461040:,Hold'em No Limit,0.02,0.05,EUR,5586,6-max,#6,J,h,5,d,1,areacac,0.02,SMGVLR_peperonexxx,0.05,areacac,SMGVLR_peperonexxx,Megan01,windbuc,rosy71,shortpez
Dollaro,#000911461040:,Hold'em No Limit,0.02,0.05,EUR,5586,6-max,#6,J,h,5,d,1,areacac,0.02,SMGVLR_peperonexxx,0.05,areacac,SMGVLR_peperonexxx,Megan01,windbuc,rosy71,shortpez
Dollaro,#000911461040:,Hold'em No Limit,0.02,0.05,EUR,5586,6-max,#6,J,h,5,d,1,areacac,0.02,SMGVLR_peperonexxx,0.05,areacac,SMGVLR_peperonexxx,Megan01,windbuc,rosy71,shortpez
Dollaro,#000911461040:,Hold'em No Limit,0.02,0.05,EUR,5586,6-max,#6,J,h,5,d,1,areacac,0.02,SMGVLR_peperonexxx,0.05,areacac,SMGVLR_peperonexxx,Megan01,windbuc,rosy71,shortpez
Dollaro,#000911461040:,Hold'em No Limit,0.02,0.05,EUR,5586,6-max,#6,J,h,5,d,1,areacac,0.02,SMGVLR_peperonexxx,0.05,areacac,SMGVLR_peperonexxx,Megan01,windbuc,rosy71,shortpez
Dollaro,#000911461040:,Hold'em No Limit,0.02,0.05,EUR,5586,6-max,#6,J,h,5,d,1,areacac,0.02,SMGVLR_peperonexxx,0.05,areacac,SMGVLR_peperonexxx,Megan01,windbuc,rosy71,shortpez
Dollaro,#000911461040:,Hold'em No Limit,0.02,0.05,EUR,5586,6-max,#6,J,h,5,d,1,areacac,0.02,SMGVLR_peperonexxx,0.05,areacac,SMGVLR_peperonexxx,Megan01,windbuc,rosy71,shortpez
Dollaro,#000911461040:,Hold'em No Limit,0.02,0.05,EUR,5586,6-max,#6,J,h,5,d,1,areacac,0.02,SMGVLR_peperonexxx,0.05,areacac,SMGVLR_peperonexxx,Megan01,windbuc,rosy71,shortpez
Dollaro,#000911461040:,Hold'em No Limit,0.02,0.05,EUR,5586,6-max,#6,J,h,5,d,1,areacac,0.02,SMGVLR_peperonexxx,0.05,areacac,SMGVLR_peperonexxx,Megan01,windbuc,rosy71,shortpez
Dollaro,#000911461040:,Hold'em No Limit,0.02,0.05,EUR,5586,6-max,#6,J,h,5,d,1,areacac,0.02,SMGVLR_peperonexxx,0.05,areacac,SMGVLR_peperonexxx,Megan01,windbuc,rosy71,shortpez
Dollaro,#000911461083:,Hold'em No Limit,0.02,0.05,EUR,5586,6-max,#1,A,s,7,c,1,SMGVLR_peperonexxx,0.02,Megan01,0.05,areacac,SMGVLR_peperonexxx,Megan01,windbuc,rosy71,shortpez
Dollaro,#000911461083:,Hold'em No Limit,0.02,0.05,EUR,5586,6-max,#1,A,s,7,c,1,SMGVLR_peperonexxx,0.02,Megan01,0.05,areacac,SMGVLR_peperonexxx,Megan01,windbuc,rosy71,shortpez
Dollaro,#000911461083:,Hold'em No Limit,0.02,0.05,EUR,5586,6-max,#1,A,s,7,c,1,SMGVLR_peperonexxx,0.02,Megan01,0.05,areacac,SMGVLR_peperonexxx,Megan01,windbuc,rosy71,shortpez
Dollaro,#000911461083:,Hold'em No Limit,0.02,0.05,EUR,5586,6-max,#1,A,s,7,c,1,SMGVLR_peperonexxx,0.02,Megan01,0.05,areacac,SMGVLR_peperonexxx,Megan01,windbuc,rosy71,shortpez
Dollaro,#000911461083:,Hold'em No Limit,0.02,0.05,EUR,5586,6-max,#1,A,s,7,c,1,SMGVLR_peperonexxx,0.02,Megan01,0.05,areacac,SMGVLR_peperonexxx,Megan01,windbuc,rosy71,shortpez
Dollaro,#000911461083:,Hold'em No Limit,0.02,0.05,EUR,5586,6-max,#1,A,s,7,c,1,SMGVLR_peperonexxx,0.02,Megan01,0.05,areacac,SMGVLR_peperonexxx,Megan01,windbuc,rosy71,shortpez
Dollaro,#000911461083:,Hold'em No Limit,0.02,0.05,EUR,5586,6-max,#1,A,s,7,c,1,SMGVLR_peperonexxx,0.02,Megan01,0.05,areacac,SMGVLR_peperonexxx,Megan01,windbuc,rosy71,shortpez
Dollaro,#000911461083:,Hold'em No Limit,0.02,0.05,EUR,5586,6-max,#1,A,s,7,c,1,SMGVLR_peperonexxx,0.02,Megan01,0.05,areacac,SMGVLR_peperonexxx,Megan01,windbuc,rosy71,shortpez
Dollaro,#000911461083:,Hold'em No Limit,0.02,0.05,EUR,5586,6-max,#1,A,s,7,c,1,SMGVLR_peperonexxx,0.02,Megan01,0.05,areacac,SMGVLR_peperonexxx,Megan01,windbuc,rosy71,shortpez
Dollaro,#000911461117:,Hold'em No Limit,0.02,0.05,EUR,5586,6-max,#2,T,s,2,s,1,Megan01,0.02,windbuc,0.05,areacac,SMGVLR_peperonexxx,Megan01,windbuc,rosy71,shortpez
Dollaro,#000911461117:,Hold'em No Limit,0.02,0.05,EUR,5586,6-max,#2,T,s,2,s,1,Megan01,0.02,windbuc,0.05,areacac,SMGVLR_peperonexxx,Megan01,windbuc,rosy71,shortpez
Dollaro,#000911461117:,Hold'em No Limit,0.02,0.05,EUR,5586,6-max,#2,T,s,2,s,1,Megan01,0.02,windbuc,0.05,areacac,SMGVLR_peperonexxx,Megan01,windbuc,rosy71,shortpez
Dollaro,#000911461117:,Hold'em No Limit,0.02,0.05,EUR,5586,6-max,#2,T,s,2,s,1,Megan01,0.02,windbuc,0.05,areacac,SMGVLR_peperonexxx,Megan01,windbuc,rosy71,shortpez
Dollaro,#000911461117:,Hold'em No Limit,0.02,0.05,EUR,5586,6-max,#2,T,s,2,s,1,Megan01,0.02,windbuc,0.05,areacac,SMGVLR_peperonexxx,Megan01,windbuc,rosy71,shortpez
Dollaro,#000911461117:,Hold'em No Limit,0.02,0.05,EUR,5586,6-max,#2,T,s,2,s,1,Megan01,0.02,windbuc,0.05,areacac,SMGVLR_peperonexxx,Megan01,windbuc,rosy71,shortpez
Dollaro,#000911461117:,Hold'em No Limit,0.02,0.05,EUR,5586,6-max,#2,T,s,2,s,1,Megan01,0.02,windbuc,0.05,areacac,SMGVLR_peperonexxx,Megan01,windbuc,rosy71,shortpez
Dollaro,#000911461117:,Hold'em No Limit,0.02,0.05,EUR,5586,6-max,#2,T,s,2,s,1,Megan01,0.02,windbuc,0.05,areacac,SMGVLR_peperonexxx,Megan01,windbuc,rosy71,shortpez
Dollaro,#000911461117:,Hold'em No Limit,0.02,0.05,EUR,5586,6-max,#2,T,s,2,s,1,Megan01,0.02,windbuc,0.05,areacac,SMGVLR_peperonexxx,Megan01,windbuc,rosy71,shortpez
Dollaro,#000911461117:,Hold'em No Limit,0.02,0.05,EUR,5586,6-max,#2,T,s,2,s,1,Megan01,0.02,windbuc,0.05,areacac,SMGVLR_peperonexxx,Megan01,windbuc,rosy71,shortpez
Dollaro,#000911461117:,Hold'em No Limit,0.02,0.05,EUR,5586,6-max,#2,T,s,2,s,1,Megan01,0.02,windbuc,0.05,areacac,SMGVLR_peperonexxx,Megan01,windbuc,rosy71,shortpez
Dollaro,#000911461117:,Hold'em No Limit,0.02,0.05,EUR,5586,6-max,#2,T,s,2,s,1,Megan01,0.02,windbuc,0.05,areacac,SMGVLR_peperonexxx,Megan01,windbuc,rosy71,shortpez
Dollaro,#000911461117:,Hold'em No Limit,0.02,0.05,EUR,5586,6-max,#2,T,s,2,s,1,Megan01,0.02,windbuc,0.05,areacac,SMGVLR_peperonexxx,Megan01,windbuc,rosy71,shortpez
Dollaro,#000911461117:,Hold'em No Limit,0.02,0.05,EUR,5586,6-max,#2,T,s,2,s,1,Megan01,0.02,windbuc,0.05,areacac,SMGVLR_peperonexxx,Megan01,windbuc,rosy71,shortpez
Dollaro,#000911461117:,Hold'em No Limit,0.02,0.05,EUR,5586,6-max,#2,T,s,2,s,1,Megan01,0.02,windbuc,0.05,areacac,SMGVLR_peperonexxx,Megan01,windbuc,rosy71,shortpez
Dollaro,#000911461194:,Hold'em No Limit,0.02,0.05,EUR,5586,6-max,#3,3,h,6,d,1,windbuc,0.02,rosy71,0.05,areacac,SMGVLR_peperonexxx,Megan01,windbuc,rosy71,shortpez
Dollaro,#000911461194:,Hold'em No Limit,0.02,0.05,EUR,5586,6-max,#3,3,h,6,d,1,windbuc,0.02,rosy71,0.05,areacac,SMGVLR_peperonexxx,Megan01,windbuc,rosy71,shortpez
Dollaro,#000911461194:,Hold'em No Limit,0.02,0.05,EUR,5586,6-max,#3,3,h,6,d,1,windbuc,0.02,rosy71,0.05,areacac,SMGVLR_peperonexxx,Megan01,windbuc,rosy71,shortpez
Dollaro,#000911461194:,Hold'em No Limit,0.02,0.05,EUR,5586,6-max,#3,3,h,6,d,1,windbuc,0.02,rosy71,0.05,areacac,SMGVLR_peperonexxx,Megan01,windbuc,rosy71,shortpez
Dollaro,#000911461194:,Hold'em No Limit,0.02,0.05,EUR,5586,6-max,#3,3,h,6,d,1,windbuc,0.02,rosy71,0.05,areacac,SMGVLR_peperonexxx,Megan01,windbuc,rosy71,shortpez
Dollaro,#000911461194:,Hold'em No Limit,0.02,0.05,EUR,5586,6-max,#3,3,h,6,d,1,windbuc,0.02,rosy71,0.05,areacac,SMGVLR_peperonexxx,Megan01,windbuc,rosy71,shortpez
Dollaro,#000911461194:,Hold'em No Limit,0.02,0.05,EUR,5586,6-max,#3,3,h,6,d,1,windbuc,0.02,rosy71,0.05,areacac,SMGVLR_peperonexxx,Megan01,windbuc,rosy71,shortpez
Dollaro,#000911461213:,Hold'em No Limit,0.02,0.05,EUR,5586,6-max,#4,7,s,K,h,1,rosy71,0.02,shortpez,0.05,areacac,SMGVLR_peperonexxx,Megan01,windbuc,rosy71,shortpez
Dollaro,#000911461213:,Hold'em No Limit,0.02,0.05,EUR,5586,6-max,#4,7,s,K,h,1,rosy71,0.02,shortpez,0.05,areacac,SMGVLR_peperonexxx,Megan01,windbuc,rosy71,shortpez
Dollaro,#000911461213:,Hold'em No Limit,0.02,0.05,EUR,5586,6-max,#4,7,s,K,h,1,rosy71,0.02,shortpez,0.05,areacac,SMGVLR_peperonexxx,Megan01,windbuc,rosy71,shortpez
Dollaro,#000911461213:,Hold'em No Limit,0.02,0.05,EUR,5586,6-max,#4,7,s,K,h,1,rosy71,0.02,shortpez,0.05,areacac,SMGVLR_peperonexxx,Megan01,windbuc,rosy71,shortpez
Dollaro,#000911461213:,Hold'em No Limit,0.02,0.05,EUR,5586,6-max,#4,7,s,K,h,1,rosy71,0.02,shortpez,0.05,areacac,SMGVLR_peperonexxx,Megan01,windbuc,rosy71,shortpez
Dollaro,#000911461213:,Hold'em No Limit,0.02,0.05,EUR,5586,6-max,#4,7,s,K,h,1,rosy71,0.02,shortpez,0.05,areacac,SMGVLR_peperonexxx,Megan01,windbuc,rosy71,shortpez
Dollaro,#000911461213:,Hold'em No Limit,0.02,0.05,EUR,5586,6-max,#4,7,s,K,h,1,rosy71,0.02,shortpez,0.05,areacac,SMGVLR_peperonexxx,Megan01,windbuc,rosy71,shortpez
Dollaro,#000911461213:,Hold'em No Limit,0.02,0.05,EUR,5586,6-max,#4,7,s,K,h,1,rosy71,0.02,shortpez,0.05,areacac,SMGVLR_peperonexxx,Megan01,windbuc,rosy71,shortpez
Dollaro,#000911461213:,Hold'em No Limit,0.02,0.05,EUR,5586,6-max,#4,7,s,K,h,1,rosy71,0.02,shortpez,0.05,areacac,SMGVLR_peperonexxx,Megan01,windbuc,rosy71,shortpez
Dollaro,#000911461213:,Hold'em No Limit,0.02,0.05,EUR,5586,6-max,#4,7,s,K,h,1,rosy71,0.02,shortpez,0.05,areacac,SMGVLR_peperonexxx,Megan01,windbuc,rosy71,shortpez
Dollaro,#000911461213:,Hold'em No Limit,0.02,0.05,EUR,5586,6-max,#4,7,s,K,h,1,rosy71,0.02,shortpez,0.05,areacac,SMGVLR_peperonexxx,Megan01,windbuc,rosy71,shortpez
Dollaro,#000911461213:,Hold'em No Limit,0.02,0.05,EUR,5586,6-max,#4,7,s,K,h,1,rosy71,0.02,shortpez,0.05,areacac,SMGVLR_peperonexxx,Megan01,windbuc,rosy71,shortpez
Dollaro,#000911461213:,Hold'em No Limit,0.02,0.05,EUR,5586,6-max,#4,7,s,K,h,1,rosy71,0.02,shortpez,0.05,areacac,SMGVLR_peperonexxx,Megan01,windbuc,rosy71,shortpez
Dollaro,#000911461213:,Hold'em No Limit,0.02,0.05,EUR,5586,6-max,#4,7,s,K,h,1,rosy71,0.02,shortpez,0.05,areacac,SMGVLR_peperonexxx,Megan01,windbuc,rosy71,shortpez
Dollaro,#000911461213:,Hold'em No Limit,0.02,0.05,EUR,5586,6-max,#4,7,s,K,h,1,rosy71,0.02,shortpez,0.05,areacac,SMGVLR_peperonexxx,Megan01,windbuc,rosy71,shortpez
Dollaro,#000911461213:,Hold'em No Limit,0.02,0.05,EUR,5586,6-max,#4,7,s,K,h,1,rosy71,0.02,shortpez,0.05,areacac,SMGVLR_peperonexxx,Megan01,windbuc,rosy71,shortpez
Dollaro,#000911461213:,Hold'em No Limit,0.02,0.05,EUR,5586,6-max,#4,7,s,K,h,1,rosy71,0.02,shortpez,0.05,areacac,SMGVLR_peperonexxx,Megan01,windbuc,rosy71,shortpez
Dollaro,#000911461281:,Hold'em No Limit,0.02,0.05,EUR,5586,6-max,#5,9,c,6,c,1,shortpez,0.02,areacac,0.05,areacac,SMGVLR_peperonexxx,Megan01,windbuc,rosy71,shortpez
Dollaro,#000911461281:,Hold'em No Limit,0.02,0.05,EUR,5586,6-max,#5,9,c,6,c,1,shortpez,0.02,areacac,0.05,areacac,SMGVLR_peperonexxx,Megan01,windbuc,rosy71,shortpez
Dollaro,#000911461281:,Hold'em No Limit,0.02,0.05,EUR,5586,6-max,#5,9,c,6,c,1,shortpez,0.02,areacac,0.05,areacac,SMGVLR_peperonexxx,Megan01,windbuc,rosy71,shortpez
Dollaro,#000911461281:,Hold'em No Limit,0.02,0.05,EUR,5586,6-max,#5,9,c,6,c,1,shortpez,0.02,areacac,0.05,areacac,SMGVLR_peperonexxx,Megan01,windbuc,rosy71,shortpez
Dollaro,#000911461281:,Hold'em No Limit,0.02,0.05,EUR,5586,6-max,#5,9,c,6,c,1,shortpez,0.02,areacac,0.05,areacac,SMGVLR_peperonexxx,Megan01,windbuc,rosy71,shortpez
Dollaro,#000911461281:,Hold'em No Limit,0.02,0.05,EUR,5586,6-max,#5,9,c,6,c,1,shortpez,0.02,areacac,0.05,areacac,SMGVLR_peperonexxx,Megan01,windbuc,rosy71,shortpez
Dollaro,#000911461281:,Hold'em No Limit,0.02,0.05,EUR,5586,6-max,#5,9,c,6,c,1,shortpez,0.02,areacac,0.05,areacac,SMGVLR_peperonexxx,Megan01,windbuc,rosy71,shortpez
Dollaro,#000911461281:,Hold'em No Limit,0.02,0.05,EUR,5586,6-max,#5,9,c,6,c,1,shortpez,0.02,areacac,0.05,areacac,SMGVLR_peperonexxx,Megan01,windbuc,rosy71,shortpez
Dollaro,#000911461281:,Hold'em No Limit,0.02,0.05,EUR,5586,6-max,#5,9,c,6,c,1,shortpez,0.02,areacac,0.05,areacac,SMGVLR_peperonexxx,Megan01,windbuc,rosy71,shortpez
Dollaro,#000911461281:,Hold'em No Limit,0.02,0.05,EUR,5586,6-max,#5,9,c,6,c,1,shortpez,0.02,areacac,0.05,areacac,SMGVLR_peperonexxx,Megan01,windbuc,rosy71,shortpez
Dollaro,#000911461281:,Hold'em No Limit,0.02,0.05,EUR,5586,6-max,#5,9,c,6,c,1,shortpez,0.02,areacac,0.05,areacac,SMGVLR_peperonexxx,Megan01,windbuc,rosy71,shortpez
Dollaro,#000911461281:,Hold'em No Limit,0.02,0.05,EUR,5586,6-max,#5,9,c,6,c,1,shortpez,0.02,areacac,0.05,areacac,SMGVLR_peperonexxx,Megan01,windbuc,rosy71,shortpez
Dollaro,#000911461281:,Hold'em No Limit,0.02,0.05,EUR,5586,6-max,#5,9,c,6,c,1,shortpez,0.02,areacac,0.05,areacac,SMGVLR_peperonexxx,Megan01,windbuc,rosy71,shortpez
Dollaro,#000911461281:,Hold'em No Limit,0.02,0.05,EUR,5586,6-max,#5,9,c,6,c,1,shortpez,0.02,areacac,0.05,areacac,SMGVLR_peperonexxx,Megan01,windbuc,rosy71,shortpez
Dollaro,#000911461281:,Hold'em No Limit,0.02,0.05,EUR,5586,6-max,#5,9,c,6,c,1,shortpez,0.02,areacac,0.05,areacac,SMGVLR_peperonexxx,Megan01,windbuc,rosy71,shortpez
Dollaro,#000911461281:,Hold'em No Limit,0.02,0.05,EUR,5586,6-max,#5,9,c,6,c,1,shortpez,0.02,areacac,0.05,areacac,SMGVLR_peperonexxx,Megan01,windbuc,rosy71,shortpez
Dollaro,#000911461356:,Hold'em No Limit,0.02,0.05,EUR,5586,6-max,#6,T,s,Q,h,1,areacac,0.02,SMGVLR_peperonexxx,0.05,areacac,SMGVLR_peperonexxx,Megan01,windbuc,rosy71,shortpez
Dollaro,#000911461356:,Hold'em No Limit,0.02,0.05,EUR,5586,6-max,#6,T,s,Q,h,1,areacac,0.02,SMGVLR_peperonexxx,0.05,areacac,SMGVLR_peperonexxx,Megan01,windbuc,rosy71,shortpez
Dollaro,#000911461356:,Hold'em No Limit,0.02,0.05,EUR,5586,6-max,#6,T,s,Q,h,1,areacac,0.02,SMGVLR_peperonexxx,0.05,areacac,SMGVLR_peperonexxx,Megan01,windbuc,rosy71,shortpez
Dollaro,#000911461356:,Hold'em No Limit,0.02,0.05,EUR,5586,6-max,#6,T,s,Q,h,1,areacac,0.02,SMGVLR_peperonexxx,0.05,areacac,SMGVLR_peperonexxx,Megan01,windbuc,rosy71,shortpez
Dollaro,#000911461356:,Hold'em No Limit,0.02,0.05,EUR,5586,6-max,#6,T,s,Q,h,1,areacac,0.02,SMGVLR_peperonexxx,0.05,areacac,SMGVLR_peperonexxx,Megan01,windbuc,rosy71,shortpez
Dollaro,#000911461356:,Hold'em No Limit,0.02,0.05,EUR,5586,6-max,#6,T,s,Q,h,1,areacac,0.02,SMGVLR_peperonexxx,0.05,areacac,SMGVLR_peperonexxx,Megan01,windbuc,rosy71,shortpez
Dollaro,#000911461356:,Hold'em No Limit,0.02,0.05,EUR,5586,6-max,#6,T,s,Q,h,1,areacac,0.02,SMGVLR_peperonexxx,0.05,areacac,SMGVLR_peperonexxx,Megan01,windbuc,rosy71,shortpez